Code_Pays,Annee,Population,Consommation,Energie,Croissance_Pop_pct,Consommation_Par_Habitant,Energie_Par_Habitant,Region
AGO,1960,5231654.0,20100242936.05772,9.621351531147504,0.0,3842.04,1.84e-06,Centrale
AGO,1961,5301583.0,20100242936.05772,9.621351531147504,1.34,3791.37,1.81e-06,Centrale
AGO,1962,5354310.0,20100242936.05772,9.621351531147504,0.99,3754.03,1.8e-06,Centrale
AGO,1963,5408320.0,20100242936.05772,9.621351531147504,1.01,3716.54,1.78e-06,Centrale
AGO,1964,5464187.0,20100242936.05772,9.621351531147504,1.03,3678.54,1.76e-06,Centrale
AGO,1965,5521981.0,20100242936.05772,9.621351531147504,1.06,3640.04,1.74e-06,Centrale
AGO,1966,5581386.0,20100242936.05772,9.621351531147504,1.08,3601.3,1.72e-06,Centrale
AGO,1967,5641807.0,20100242936.05772,9.621351531147504,1.08,3562.73,1.71e-06,Centrale
AGO,1968,5702699.0,20100242936.05772,9.621351531147504,1.08,3524.69,1.69e-06,Centrale
AGO,1969,5763685.0,20100242936.05772,9.621351531147504,1.07,3487.39,1.67e-06,Centrale
AGO,1970,5852788.0,20100242936.05772,9.621351531147504,1.55,3434.3,1.64e-06,Centrale
AGO,1971,5991102.0,20100242936.05772,9.621351531147504,2.36,3355.02,1.61e-06,Centrale
AGO,1972,6174262.0,20100242936.05772,9.621351531147504,3.06,3255.49,1.56e-06,Centrale
AGO,1973,6388528.0,20100242936.05772,9.621351531147504,3.47,3146.3,1.51e-06,Centrale
AGO,1974,6613367.0,20100242936.05772,9.621351531147504,3.52,3039.34,1.45e-06,Centrale
AGO,1975,6842947.0,20100242936.05772,9.621351531147504,3.47,2937.37,1.41e-06,Centrale
AGO,1976,7074664.0,20100242936.05772,9.621351531147504,3.39,2841.16,1.36e-06,Centrale
AGO,1977,7317829.0,20100242936.05772,9.621351531147504,3.44,2746.75,1.31e-06,Centrale
AGO,1978,7576734.0,20100242936.05772,9.621351531147504,3.54,2652.89,1.27e-06,Centrale
AGO,1979,7847207.0,20100242936.05772,9.621351531147504,3.57,2561.45,1.23e-06,Centrale
AGO,1980,8133872.0,20100242936.05772,9.621351531147504,3.65,2471.18,1.18e-06,Centrale
AGO,1981,8435607.0,20100242936.05772,9.621351531147504,3.71,2382.79,1.14e-06,Centrale
AGO,1982,8751648.0,20100242936.05772,9.621351531147504,3.75,2296.74,1.1e-06,Centrale
AGO,1983,9082983.0,20100242936.05772,9.621351531147504,3.79,2212.96,1.06e-06,Centrale
AGO,1984,9425917.0,20100242936.05772,9.621351531147504,3.78,2132.44,1.02e-06,Centrale
AGO,1985,9779120.0,20100242936.05772,9.621351531147504,3.75,2055.42,9.8e-07,Centrale
AGO,1986,10139450.0,20100242936.05772,9.621351531147504,3.68,1982.38,9.5e-07,Centrale
AGO,1987,10497858.0,20100242936.05772,9.621351531147504,3.53,1914.7,9.2e-07,Centrale
AGO,1988,10861291.0,20100242936.05772,9.621351531147504,3.46,1850.63,8.9e-07,Centrale
AGO,1989,11238562.0,20100242936.05772,9.621351531147504,3.47,1788.51,8.6e-07,Centrale
AGO,1990,11626360.0,20100242936.05772,16.535745811304633,3.45,1728.85,1.42e-06,Centrale
AGO,1991,12023529.0,20100242936.05772,16.309085262789157,3.42,1671.74,1.36e-06,Centrale
AGO,1992,12423712.0,20100242936.05772,15.271734093167892,3.33,1617.89,1.23e-06,Centrale
AGO,1993,12827135.0,20100242936.05772,11.209308171583908,3.25,1567.01,8.7e-07,Centrale
AGO,1994,13249764.0,20100242936.05772,11.206261269681052,3.29,1517.03,8.5e-07,Centrale
AGO,1995,13699778.0,20100242936.05772,12.925399214326864,3.4,1467.19,9.4e-07,Centrale
AGO,1996,14170973.0,20100242936.05772,14.216601151792338,3.44,1418.41,1e-06,Centrale
AGO,1997,14660413.0,20100242936.05772,14.904002229878904,3.45,1371.06,1.02e-06,Centrale
AGO,1998,15159370.0,20100242936.05772,15.6193208462632,3.4,1325.93,1.03e-06,Centrale
AGO,1999,15667235.0,20100242936.05772,15.207806218702151,3.35,1282.95,9.7e-07,Centrale
AGO,2000,16194869.0,20100242936.05772,15.286492787214051,3.37,1241.15,9.4e-07,Centrale
AGO,2001,16747208.0,20100242936.05772,15.30322358520055,3.41,1200.21,9.1e-07,Centrale
AGO,2002,17327699.0,49359084649.19632,16.666808541268125,3.47,2848.57,9.6e-07,Centrale
AGO,2003,17943712.0,51952039240.51029,16.064409139099343,3.56,2895.28,9e-07,Centrale
AGO,2004,18600423.0,52378301907.58651,17.724833784274633,3.66,2815.97,9.5e-07,Centrale
AGO,2005,19291161.0,58477085134.38232,21.39858315816107,3.71,3031.29,1.11e-06,Centrale
AGO,2006,20015279.0,59884318675.07254,21.46020472565556,3.75,2991.93,1.07e-06,Centrale
AGO,2007,20778561.0,64389071384.17629,22.127959174375576,3.81,3098.82,1.06e-06,Centrale
AGO,2008,21578655.0,68368171553.6338,22.370362787286258,3.85,3168.32,1.04e-06,Centrale
AGO,2009,22414773.0,77147619197.72537,20.611396970889384,3.87,3441.82,9.2e-07,Centrale
AGO,2010,23294825.0,80224233458.68697,21.59245223618011,3.93,3443.87,9.3e-07,Centrale
AGO,2011,24218352.0,88048190593.20721,21.558040760751656,3.96,3635.6,8.9e-07,Centrale
AGO,2012,25177394.0,96506419881.19142,20.66081320835885,3.96,3833.06,8.2e-07,Centrale
AGO,2013,26165620.0,103883357637.16331,21.59016611176021,3.93,3970.22,8.3e-07,Centrale
AGO,2014,27160769.0,116447280131.50688,24.74936983273873,3.8,4287.33,9.1e-07,Centrale
AGO,2015,28157798.0,104164367934.68004,20.96747379433364,3.67,3699.31,7.4e-07,Centrale
AGO,2016,29183070.0,104242717917.3122,22.14516853346046,3.64,3572.03,7.6e-07,Centrale
AGO,2017,30234839.0,123204324266.91692,21.65120194939193,3.6,4074.91,7.2e-07,Centrale
AGO,2018,31297155.0,128255111653.24802,23.331808683164667,3.51,4097.98,7.5e-07,Centrale
AGO,2019,32375632.0,115066982330.88956,21.720779424463,3.45,3554.12,6.7e-07,Centrale
AGO,2020,33451132.0,128763139305.51633,21.158297273691428,3.32,3849.29,6.3e-07,Centrale
AGO,2021,34532429.0,146501954574.78107,20.574235435114232,3.23,4242.45,6e-07,Centrale
AGO,2022,35635029.0,161669318335.6911,20.45426418388105,3.19,4536.81,5.7e-07,Centrale
AGO,2023,36749906.0,183892499156.7042,19.57859375324829,3.13,5003.89,5.3e-07,Centrale
AGO,2024,37885849.0,194352142616.47623,9.621351531147504,3.09,5129.94,2.5e-07,Centrale
AGO,2025,39040039.0,20100242936.05772,9.621351531147504,3.05,514.86,2.5e-07,Centrale
BDI,1960,2764258.0,20100242936.05772,9.621351531147504,0.0,7271.48,3.48e-06,Est
BDI,1961,2835119.0,20100242936.05772,9.621351531147504,2.56,7089.74,3.39e-06,Est
BDI,1962,2907943.0,20100242936.05772,9.621351531147504,2.57,6912.19,3.31e-06,Est
BDI,1963,2969841.0,20100242936.05772,9.621351531147504,2.13,6768.12,3.24e-06,Est
BDI,1964,3055650.0,20100242936.05772,9.621351531147504,2.89,6578.06,3.15e-06,Est
BDI,1965,3141367.0,20100242936.05772,9.621351531147504,2.81,6398.57,3.06e-06,Est
BDI,1966,3217960.0,20100242936.05772,9.621351531147504,2.44,6246.27,2.99e-06,Est
BDI,1967,3300690.0,20100242936.05772,9.621351531147504,2.57,6089.71,2.91e-06,Est
BDI,1968,3380387.0,20100242936.05772,9.621351531147504,2.41,5946.14,2.85e-06,Est
BDI,1969,3454590.0,20100242936.05772,9.621351531147504,2.2,5818.42,2.79e-06,Est
BDI,1970,3530432.0,20100242936.05772,9.621351531147504,2.2,5693.42,2.73e-06,Est
BDI,1971,3617289.0,20100242936.05772,9.621351531147504,2.46,5556.71,2.66e-06,Est
BDI,1972,3617128.0,20100242936.05772,9.621351531147504,-0.0,5556.96,2.66e-06,Est
BDI,1973,3611991.0,20100242936.05772,9.621351531147504,-0.14,5564.87,2.66e-06,Est
BDI,1974,3703590.0,20100242936.05772,9.621351531147504,2.54,5427.23,2.6e-06,Est
BDI,1975,3796612.0,20100242936.05772,9.621351531147504,2.51,5294.26,2.53e-06,Est
BDI,1976,3882626.0,20100242936.05772,9.621351531147504,2.27,5176.97,2.48e-06,Est
BDI,1977,3983582.0,20100242936.05772,9.621351531147504,2.6,5045.77,2.42e-06,Est
BDI,1978,4100338.0,20100242936.05772,9.621351531147504,2.93,4902.09,2.35e-06,Est
BDI,1979,4203530.0,20100242936.05772,9.621351531147504,2.52,4781.75,2.29e-06,Est
BDI,1980,4383706.0,20100242936.05772,9.621351531147504,4.29,4585.22,2.19e-06,Est
BDI,1981,4566014.0,20100242936.05772,9.621351531147504,4.16,4402.14,2.11e-06,Est
BDI,1982,4681390.0,20100242936.05772,9.621351531147504,2.53,4293.65,2.06e-06,Est
BDI,1983,4808528.0,20100242936.05772,9.621351531147504,2.72,4180.12,2e-06,Est
BDI,1984,4926465.0,20100242936.05772,9.621351531147504,2.45,4080.05,1.95e-06,Est
BDI,1985,5034042.0,20100242936.05772,9.621351531147504,2.18,3992.86,1.91e-06,Est
BDI,1986,5129414.0,20100242936.05772,9.621351531147504,1.89,3918.62,1.88e-06,Est
BDI,1987,5247787.0,20100242936.05772,9.621351531147504,2.31,3830.23,1.83e-06,Est
BDI,1988,5365327.0,20100242936.05772,9.621351531147504,2.24,3746.32,1.79e-06,Est
BDI,1989,5471706.0,20100242936.05772,9.621351531147504,1.98,3673.49,1.76e-06,Est
BDI,1990,5587052.0,20100242936.05772,9.621351531147504,2.11,3597.65,1.72e-06,Est
BDI,1991,5703857.0,20100242936.05772,9.621351531147504,2.09,3523.97,1.69e-06,Est
BDI,1992,5858407.0,20100242936.05772,9.621351531147504,2.71,3431.01,1.64e-06,Est
BDI,1993,5676843.0,20100242936.05772,9.621351531147504,-3.1,3540.74,1.69e-06,Est
BDI,1994,5713854.0,20100242936.05772,9.621351531147504,0.65,3517.81,1.68e-06,Est
BDI,1995,6066316.0,20100242936.05772,9.621351531147504,6.17,3313.42,1.59e-06,Est
BDI,1996,6070506.0,20100242936.05772,9.621351531147504,0.07,3311.13,1.58e-06,Est
BDI,1997,6070042.0,3778508587.377918,9.621351531147504,-0.01,622.48,1.59e-06,Est
BDI,1998,6187108.0,4105096943.608152,9.621351531147504,1.93,663.49,1.56e-06,Est
BDI,1999,6337155.0,4001524920.9667535,9.621351531147504,2.43,631.44,1.52e-06,Est
BDI,2000,6470194.0,3955017284.279637,9.621351531147504,2.1,611.27,1.49e-06,Est
BDI,2001,6634365.0,3985707301.27549,9.621351531147504,2.54,600.77,1.45e-06,Est
BDI,2002,6824132.0,4313734897.829755,9.621351531147504,2.86,632.13,1.41e-06,Est
BDI,2003,7043154.0,4173205403.381816,9.621351531147504,3.21,592.52,1.37e-06,Est
BDI,2004,7310656.0,4340133619.517089,9.621351531147504,3.8,593.67,1.32e-06,Est
BDI,2005,7587299.0,4890212138.770361,9.621351531147504,3.78,644.53,1.27e-06,Est
BDI,2006,7865547.0,5400161478.88798,9.621351531147504,3.67,686.56,1.22e-06,Est
BDI,2007,8161874.0,5321106896.606283,9.621351531147504,3.77,651.95,1.18e-06,Est
BDI,2008,8505637.0,5505571585.22687,9.621351531147504,4.21,647.29,1.13e-06,Est
BDI,2009,8947646.0,5522828251.38024,9.621351531147504,5.2,617.24,1.08e-06,Est
BDI,2010,9376444.0,5508784799.602696,9.621351531147504,4.79,587.51,1.03e-06,Est
BDI,2011,9717978.0,5941628201.083717,9.621351531147504,3.64,611.41,9.9e-07,Est
BDI,2012,10071028.0,6176544522.764577,9.621351531147504,3.63,613.3,9.6e-07,Est
BDI,2013,10439341.0,6826988190.866708,9.621351531147504,3.66,653.97,9.2e-07,Est
BDI,2014,10799785.0,7084397103.617409,9.621351531147504,3.45,655.98,8.9e-07,Est
BDI,2015,11047580.0,6938627406.754571,9.621351531147504,2.29,628.07,8.7e-07,Est
BDI,2016,11239451.0,6821230512.3262415,9.621351531147504,1.74,606.9,8.6e-07,Est
BDI,2017,11506762.0,6831996473.978858,9.621351531147504,2.38,593.74,8.4e-07,Est
BDI,2018,11859446.0,7071116350.762876,9.621351531147504,3.07,596.24,8.1e-07,Est
BDI,2019,12255336.0,7290320957.775317,9.621351531147504,3.34,594.87,7.9e-07,Est
BDI,2020,12617036.0,7315118255.506819,9.621351531147504,2.95,579.78,7.6e-07,Est
BDI,2021,12965481.0,7537409740.705894,9.621351531147504,2.76,581.34,7.4e-07,Est
BDI,2022,13321097.0,7719121614.633666,9.621351531147504,2.74,579.47,7.2e-07,Est
BDI,2023,13689450.0,7930968276.053299,9.621351531147504,2.77,579.35,7e-07,Est
BDI,2024,14047786.0,20100242936.05772,9.621351531147504,2.62,1430.85,6.8e-07,Est
BDI,2025,14390003.0,20100242936.05772,9.621351531147504,2.44,1396.82,6.7e-07,Est
BEN,1960,2517286.0,20100242936.05772,9.621351531147504,0.0,7984.89,3.82e-06,Ouest
BEN,1961,2559223.0,20100242936.05772,9.621351531147504,1.67,7854.04,3.76e-06,Ouest
BEN,1962,2604659.0,20100242936.05772,9.621351531147504,1.78,7717.03,3.69e-06,Ouest
BEN,1963,2652908.0,20100242936.05772,9.621351531147504,1.85,7576.68,3.63e-06,Ouest
BEN,1964,2704003.0,20100242936.05772,9.621351531147504,1.93,7433.51,3.56e-06,Ouest
BEN,1965,2757936.0,20100242936.05772,9.621351531147504,1.99,7288.15,3.49e-06,Ouest
BEN,1966,2814317.0,20100242936.05772,9.621351531147504,2.04,7142.14,3.42e-06,Ouest
BEN,1967,2872997.0,20100242936.05772,9.621351531147504,2.09,6996.26,3.35e-06,Ouest
BEN,1968,2934257.0,20100242936.05772,9.621351531147504,2.13,6850.2,3.28e-06,Ouest
BEN,1969,2998222.0,20100242936.05772,9.621351531147504,2.18,6704.05,3.21e-06,Ouest
BEN,1970,3065057.0,20100242936.05772,9.621351531147504,2.23,6557.87,3.14e-06,Ouest
BEN,1971,3134767.0,20100242936.05772,9.621351531147504,2.27,6412.04,3.07e-06,Ouest
BEN,1972,3207543.0,20100242936.05772,9.621351531147504,2.32,6266.55,3e-06,Ouest
BEN,1973,3283496.0,20100242936.05772,9.621351531147504,2.37,6121.6,2.93e-06,Ouest
BEN,1974,3362633.0,20100242936.05772,9.621351531147504,2.41,5977.53,2.86e-06,Ouest
BEN,1975,3445407.0,20100242936.05772,9.621351531147504,2.46,5833.92,2.79e-06,Ouest
BEN,1976,3532196.0,20100242936.05772,9.621351531147504,2.52,5690.58,2.72e-06,Ouest
BEN,1977,3623202.0,20100242936.05772,9.621351531147504,2.58,5547.65,2.66e-06,Ouest
BEN,1978,3718305.0,20100242936.05772,9.621351531147504,2.62,5405.75,2.59e-06,Ouest
BEN,1979,3818528.0,20100242936.05772,9.621351531147504,2.7,5263.87,2.52e-06,Ouest
BEN,1980,3925251.0,20100242936.05772,9.621351531147504,2.79,5120.75,2.45e-06,Ouest
BEN,1981,4038307.0,20100242936.05772,9.621351531147504,2.88,4977.39,2.38e-06,Ouest
BEN,1982,4156596.0,20100242936.05772,9.621351531147504,2.93,4835.75,2.31e-06,Ouest
BEN,1983,4278978.0,20100242936.05772,9.621351531147504,2.94,4697.44,2.25e-06,Ouest
BEN,1984,4405895.0,20100242936.05772,9.621351531147504,2.97,4562.12,2.18e-06,Ouest
BEN,1985,4538012.0,20100242936.05772,9.621351531147504,3.0,4429.31,2.12e-06,Ouest
BEN,1986,4675420.0,20100242936.05772,9.621351531147504,3.03,4299.13,2.06e-06,Ouest
BEN,1987,4818486.0,20100242936.05772,9.621351531147504,3.06,4171.49,2e-06,Ouest
BEN,1988,4967341.0,20100242936.05772,9.621351531147504,3.09,4046.48,1.94e-06,Ouest
BEN,1989,5121657.0,20100242936.05772,9.621351531147504,3.11,3924.56,1.88e-06,Ouest
BEN,1990,5281479.0,9131660233.653955,7.015263072640724,3.12,1729.0,1.33e-06,Ouest
BEN,1991,5446932.0,9997902843.43515,7.201774329161163,3.13,1835.51,1.32e-06,Ouest
BEN,1992,5617844.0,10580508691.29383,7.236207588876813,3.14,1883.38,1.29e-06,Ouest
BEN,1993,5872706.0,11140247873.679728,7.482658398820123,4.54,1896.95,1.27e-06,Ouest
BEN,1994,6096506.0,10548349921.037882,7.471446020946191,3.81,1730.23,1.23e-06,Ouest
BEN,1995,6226773.0,10994317593.226955,7.752959340731806,2.14,1765.65,1.25e-06,Ouest
BEN,1996,6391858.0,11624391027.413166,6.9460635729748335,2.65,1818.62,1.09e-06,Ouest
BEN,1997,6583365.0,12207858862.04646,7.078890184255681,3.0,1854.35,1.08e-06,Ouest
BEN,1998,6789489.0,12873168300.183905,7.460525666518504,3.13,1896.04,1.1e-06,Ouest
BEN,1999,7002818.0,13557706007.053091,7.533878912548706,3.14,1936.04,1.08e-06,Ouest
BEN,2000,7221619.0,14578926775.17915,9.23649060773515,3.12,2018.79,1.28e-06,Ouest
BEN,2001,7445596.0,15218475825.624,9.148262370923506,3.1,2043.96,1.23e-06,Ouest
BEN,2002,7675426.0,15875836852.78246,8.924211496487873,3.09,2068.4,1.16e-06,Ouest
BEN,2003,7913070.0,16305891833.630611,8.753071729680874,3.1,2060.63,1.11e-06,Ouest
BEN,2004,8159094.0,16965015066.098637,8.755398661608506,3.11,2079.28,1.07e-06,Ouest
BEN,2005,8426144.0,17317823801.674362,8.87407827871795,3.27,2055.25,1.05e-06,Ouest
BEN,2006,8693242.0,18073490030.70507,7.817404471630495,3.17,2079.03,9e-07,Ouest
BEN,2007,8953969.0,18753273111.75652,7.620662641072796,3.0,2094.41,8.5e-07,Ouest
BEN,2008,9228466.0,19566745966.48741,7.820061015861121,3.07,2120.26,8.5e-07,Ouest
BEN,2009,9509423.0,20121001921.50831,7.6262797716916255,3.04,2115.9,8e-07,Ouest
BEN,2010,9797484.0,20533155715.279724,7.515112803754347,3.03,2095.76,7.7e-07,Ouest
BEN,2011,10093623.0,21302236433.27826,7.741577860617777,3.02,2110.46,7.7e-07,Ouest
BEN,2012,10397657.0,21709989850.065063,8.028767491124967,3.01,2087.97,7.7e-07,Ouest
BEN,2013,10708834.0,22588846375.898853,7.888483241055155,2.99,2109.37,7.4e-07,Ouest
BEN,2014,11030004.0,23421213209.75261,8.133486685857616,3.0,2123.41,7.4e-07,Ouest
BEN,2015,11360681.0,24651081197.05868,7.7788253135849,3.0,2169.86,6.8e-07,Ouest
BEN,2016,11697842.0,25127883534.27124,7.242989327689608,2.97,2148.08,6.2e-07,Ouest
BEN,2017,12039780.0,26007359457.97073,7.377509561117913,2.92,2160.12,6.1e-07,Ouest
BEN,2018,12383347.0,26917617038.999702,7.454702057635673,2.85,2173.69,6e-07,Ouest
BEN,2019,12726755.0,27859733635.165,7.914980174258007,2.77,2189.07,6.2e-07,Ouest
BEN,2020,13070169.0,28759603031.99872,7.785013540040996,2.7,2200.4,6e-07,Ouest
BEN,2021,13413417.0,30140063977.44894,9.21217882582644,2.63,2247.01,6.9e-07,Ouest
BEN,2022,13759501.0,31892189754.572235,9.547963938941718,2.58,2317.83,6.9e-07,Ouest
BEN,2023,14111034.0,33818511330.63988,9.430947147999836,2.55,2396.6,6.7e-07,Ouest
BEN,2024,14462724.0,35520298331.090034,9.621351531147504,2.49,2455.99,6.7e-07,Ouest
BEN,2025,14814460.0,20100242936.05772,9.621351531147504,2.43,1356.8,6.5e-07,Ouest
BFA,1960,4778621.0,20100242936.05772,9.621351531147504,0.0,4206.29,2.01e-06,Ouest
BFA,1961,4848224.0,20100242936.05772,9.621351531147504,1.46,4145.9,1.98e-06,Ouest
BFA,1962,4919672.0,20100242936.05772,9.621351531147504,1.47,4085.69,1.96e-06,Ouest
BFA,1963,4993623.0,20100242936.05772,9.621351531147504,1.5,4025.18,1.93e-06,Ouest
BFA,1964,5071034.0,20100242936.05772,9.621351531147504,1.55,3963.74,1.9e-06,Ouest
BFA,1965,5152833.0,20100242936.05772,9.621351531147504,1.61,3900.81,1.87e-06,Ouest
BFA,1966,5237933.0,20100242936.05772,9.621351531147504,1.65,3837.44,1.84e-06,Ouest
BFA,1967,5326348.0,20100242936.05772,9.621351531147504,1.69,3773.74,1.81e-06,Ouest
BFA,1968,5418644.0,20100242936.05772,9.621351531147504,1.73,3709.46,1.78e-06,Ouest
BFA,1969,5513177.0,20100242936.05772,9.621351531147504,1.74,3645.85,1.75e-06,Ouest
BFA,1970,5610304.0,20100242936.05772,9.621351531147504,1.76,3582.74,1.71e-06,Ouest
BFA,1971,5707999.0,20100242936.05772,9.621351531147504,1.74,3521.42,1.69e-06,Ouest
BFA,1972,5807234.0,20100242936.05772,9.621351531147504,1.74,3461.24,1.66e-06,Ouest
BFA,1973,5911927.0,20100242936.05772,9.621351531147504,1.8,3399.95,1.63e-06,Ouest
BFA,1974,6024904.0,20100242936.05772,9.621351531147504,1.91,3336.19,1.6e-06,Ouest
BFA,1975,6147569.0,20100242936.05772,9.621351531147504,2.04,3269.62,1.57e-06,Ouest
BFA,1976,6280635.0,20100242936.05772,9.621351531147504,2.16,3200.35,1.53e-06,Ouest
BFA,1977,6428734.0,20100242936.05772,9.621351531147504,2.36,3126.63,1.5e-06,Ouest
BFA,1978,6590984.0,20100242936.05772,9.621351531147504,2.52,3049.66,1.46e-06,Ouest
BFA,1979,6763903.0,20100242936.05772,9.621351531147504,2.62,2971.69,1.42e-06,Ouest
BFA,1980,6947900.0,20100242936.05772,9.621351531147504,2.72,2893.0,1.38e-06,Ouest
BFA,1981,7140271.0,20100242936.05772,9.621351531147504,2.77,2815.05,1.35e-06,Ouest
BFA,1982,7340197.0,20100242936.05772,9.621351531147504,2.8,2738.38,1.31e-06,Ouest
BFA,1983,7551129.0,20100242936.05772,9.621351531147504,2.87,2661.89,1.27e-06,Ouest
BFA,1984,7772256.0,20100242936.05772,9.621351531147504,2.93,2586.15,1.24e-06,Ouest
BFA,1985,7999935.0,20100242936.05772,9.621351531147504,2.93,2512.55,1.2e-06,Ouest
BFA,1986,8228847.0,20100242936.05772,9.621351531147504,2.86,2442.66,1.17e-06,Ouest
BFA,1987,8457109.0,20100242936.05772,9.621351531147504,2.77,2376.73,1.14e-06,Ouest
BFA,1988,8687435.0,20100242936.05772,9.621351531147504,2.72,2313.71,1.11e-06,Ouest
BFA,1989,8921175.0,20100242936.05772,9.621351531147504,2.69,2253.09,1.08e-06,Ouest
BFA,1990,9159356.0,8509283846.697567,6.415174356468631,2.67,929.03,7e-07,Ouest
BFA,1991,9394632.0,8957284848.27628,6.773150088204158,2.57,953.45,7.2e-07,Ouest
BFA,1992,9629275.0,9020949276.970337,6.611858629439387,2.5,936.83,6.9e-07,Ouest
BFA,1993,9871713.0,9621390002.435291,6.594843241927217,2.52,974.64,6.7e-07,Ouest
BFA,1994,10123798.0,7694970757.275198,6.624832288403976,2.55,760.09,6.5e-07,Ouest
BFA,1995,10386722.0,8999025007.305237,6.830286752645382,2.6,866.4,6.6e-07,Ouest
BFA,1996,10655942.0,10649468931.50001,7.904236827463518,2.59,999.39,7.4e-07,Ouest
BFA,1997,10934223.0,10910252372.768827,8.18434031940689,2.61,997.81,7.5e-07,Ouest
BFA,1998,11240664.0,12354788481.51535,8.605275507770186,2.8,1099.12,7.7e-07,Ouest
BFA,1999,11574928.0,14443025377.79324,12.008588621253152,2.97,1247.79,1.04e-06,Ouest
BFA,2000,11925546.0,14515377972.458277,11.62611210305326,3.03,1217.17,9.7e-07,Ouest
BFA,2001,12295001.0,14700930076.4688,10.642618693308243,3.1,1195.68,8.7e-07,Ouest
BFA,2002,12680897.0,15490619816.207184,10.648383389167812,3.14,1221.57,8.4e-07,Ouest
BFA,2003,13082532.0,16288423661.68402,10.740729256839872,3.17,1245.05,8.2e-07,Ouest
BFA,2004,13500533.0,17361383213.943153,10.59808808771412,3.2,1285.98,7.9e-07,Ouest
BFA,2005,13932123.0,18310118015.444065,10.92129244692178,3.2,1314.24,7.8e-07,Ouest
BFA,2006,14373707.0,19091833045.575302,10.71377375041854,3.17,1328.25,7.5e-07,Ouest
BFA,2007,14816307.0,19407674195.82976,10.347265628054243,3.08,1309.89,7e-07,Ouest
BFA,2008,15258093.0,20813932346.1289,10.541017963405324,2.98,1364.12,6.9e-07,Ouest
BFA,2009,15710066.0,21029564807.072178,10.378093995515243,2.96,1338.6,6.6e-07,Ouest
BFA,2010,16176498.0,22171441499.59613,8.22137175430978,2.97,1370.6,5.1e-07,Ouest
BFA,2011,16661908.0,23425403333.55217,8.231111950364006,3.0,1405.93,4.9e-07,Ouest
BFA,2012,17172287.0,25644041459.31433,8.044480375430302,3.06,1493.34,4.7e-07,Ouest
BFA,2013,17695409.0,27268811152.15869,7.965732128511557,3.05,1541.01,4.5e-07,Ouest
BFA,2014,18229461.0,27630293757.861668,7.862068249688885,3.02,1515.69,4.3e-07,Ouest
BFA,2015,18777487.0,28651181093.094864,7.526569606179828,3.01,1525.83,4e-07,Ouest
BFA,2016,19334856.0,29869779859.142506,7.961799508096769,2.97,1544.87,4.1e-07,Ouest
BFA,2017,19894407.0,30927756209.29937,7.823315839727295,2.89,1554.6,3.9e-07,Ouest
BFA,2018,20438288.0,31661118371.377186,7.72026401286055,2.73,1549.11,3.8e-07,Ouest
BFA,2019,20961952.0,32751331910.66729,7.897444578221398,2.56,1562.42,3.8e-07,Ouest
BFA,2020,21478690.0,33378832169.75819,7.573860165129524,2.47,1554.04,3.5e-07,Ouest
BFA,2021,21995243.0,34651896148.6714,8.013335010493387,2.4,1575.43,3.6e-07,Ouest
BFA,2022,22509038.0,36243479898.79868,7.889587627723347,2.34,1610.17,3.5e-07,Ouest
BFA,2023,23025776.0,37245496480.8231,7.627713462973181,2.3,1617.56,3.3e-07,Ouest
BFA,2024,23548781.0,40791334379.27826,9.621351531147504,2.27,1732.21,4.1e-07,Ouest
BFA,2025,24074580.0,20100242936.05772,9.621351531147504,2.23,834.92,4e-07,Ouest
BWA,1960,516165.0,20100242936.05772,9.621351531147504,0.0,17116.2325,1.4464999999999998e-05,Australe
BWA,1961,527942.0,20100242936.05772,9.621351531147504,2.28,17116.2325,1.4464999999999998e-05,Australe
BWA,1962,540186.0,20100242936.05772,9.621351531147504,2.32,17116.2325,1.4464999999999998e-05,Australe
BWA,1963,552966.0,20100242936.05772,9.621351531147504,2.37,17116.2325,1.4464999999999998e-05,Australe
BWA,1964,566266.0,20100242936.05772,9.621351531147504,2.41,17116.2325,1.4464999999999998e-05,Australe
BWA,1965,574664.0,20100242936.05772,9.621351531147504,1.48,17116.2325,1.4464999999999998e-05,Australe
BWA,1966,577866.0,20100242936.05772,9.621351531147504,0.56,17116.2325,1.4464999999999998e-05,Australe
BWA,1967,580933.0,20100242936.05772,9.621351531147504,0.53,17116.2325,1.4464999999999998e-05,Australe
BWA,1968,583966.0,20100242936.05772,9.621351531147504,0.52,17116.2325,1.4464999999999998e-05,Australe
BWA,1969,587066.0,20100242936.05772,9.621351531147504,0.53,17116.2325,1.4464999999999998e-05,Australe
BWA,1970,590334.0,20100242936.05772,9.621351531147504,0.56,17116.2325,1.4464999999999998e-05,Australe
BWA,1971,600481.0,20100242936.05772,9.621351531147504,1.72,17116.2325,1.4464999999999998e-05,Australe
BWA,1972,622407.0,20100242936.05772,9.621351531147504,3.65,17116.2325,1.4464999999999998e-05,Australe
BWA,1973,652408.0,20100242936.05772,9.621351531147504,4.82,17116.2325,1.4464999999999998e-05,Australe
BWA,1974,685448.0,20100242936.05772,9.621351531147504,5.06,17116.2325,1.404e-05,Australe
BWA,1975,720380.0,20100242936.05772,9.621351531147504,5.1,17116.2325,1.336e-05,Australe
BWA,1976,758508.0,20100242936.05772,9.621351531147504,5.29,17116.2325,1.268e-05,Australe
BWA,1977,799574.0,20100242936.05772,9.621351531147504,5.41,17116.2325,1.203e-05,Australe
BWA,1978,849239.0,20100242936.05772,9.621351531147504,6.21,17116.2325,1.133e-05,Australe
BWA,1979,901742.0,20100242936.05772,9.621351531147504,6.18,17116.2325,1.067e-05,Australe
BWA,1980,937485.0,20100242936.05772,9.621351531147504,3.96,17116.2325,1.026e-05,Australe
BWA,1981,969996.0,20100242936.05772,9.621351531147504,3.47,17116.2325,9.92e-06,Australe
BWA,1982,1009269.0,20100242936.05772,9.621351531147504,4.05,17116.2325,9.53e-06,Australe
BWA,1983,1046137.0,20100242936.05772,9.621351531147504,3.65,17116.2325,9.2e-06,Australe
BWA,1984,1083660.0,20100242936.05772,9.621351531147504,3.59,17116.2325,8.88e-06,Australe
BWA,1985,1121945.0,20100242936.05772,9.621351531147504,3.53,17116.2325,8.58e-06,Australe
BWA,1986,1160650.0,20100242936.05772,9.621351531147504,3.45,17116.2325,8.29e-06,Australe
BWA,1987,1199167.0,20100242936.05772,9.621351531147504,3.32,16761.84,8.02e-06,Australe
BWA,1988,1235476.0,20100242936.05772,9.621351531147504,3.03,16269.23,7.79e-06,Australe
BWA,1989,1270274.0,20100242936.05772,9.621351531147504,2.82,15823.55,7.57e-06,Australe
BWA,1990,1305696.0,4011558073.950015,11.275157516000869,2.79,3072.35,8.64e-06,Australe
BWA,1991,1341756.0,4411275222.004471,11.895989463254043,2.76,3287.69,8.87e-06,Australe
BWA,1992,1380033.0,4354715251.759008,10.624058738698604,2.85,3155.52,7.7e-06,Australe
BWA,1993,1420115.0,4252374115.783171,10.795351552875688,2.9,2994.39,7.6e-06,Australe
BWA,1994,1460023.0,4352378896.3148775,11.352991638320246,2.81,2981.03,7.78e-06,Australe
BWA,1995,1498836.0,5089704363.735889,11.86481941316416,2.66,3395.77,7.92e-06,Australe
BWA,1996,1535914.0,5365900618.039498,12.870199215384158,2.47,3493.62,8.38e-06,Australe
BWA,1997,1571691.0,6087657023.179393,13.287742907592229,2.33,3873.32,8.45e-06,Australe
BWA,1998,1606899.0,6214689073.66104,11.823597332150689,2.24,3867.5,7.36e-06,Australe
BWA,1999,1641997.0,6217131999.464165,12.45215937201135,2.18,3786.32,7.58e-06,Australe
BWA,2000,1677382.0,6136333205.801119,12.251073179045031,2.15,3658.28,7.3e-06,Australe
BWA,2001,1712254.0,5862506943.924329,12.155690484019727,2.08,3423.85,7.1e-06,Australe
BWA,2002,1744763.0,6152886731.741117,12.58628819233318,1.9,3526.49,7.21e-06,Australe
BWA,2003,1775736.0,6234841368.805234,13.23568050431656,1.78,3511.13,7.45e-06,Australe
BWA,2004,1807146.0,6426613702.904421,12.998959789330575,1.77,3556.22,7.19e-06,Australe
BWA,2005,1839877.0,7119111980.459586,13.100258053766892,1.81,3869.34,7.12e-06,Australe
BWA,2006,1874516.0,8347021681.314504,13.779229917844743,1.88,4452.89,7.35e-06,Australe
BWA,2007,1911201.0,9085492768.68459,14.100442958089404,1.96,4753.81,7.38e-06,Australe
BWA,2008,1949970.0,10123740913.154549,13.782881295840152,2.03,5191.74,7.07e-06,Australe
BWA,2009,1990673.0,10635518043.096691,12.703107808120208,2.09,5342.67,6.38e-06,Australe
BWA,2010,2033111.0,11419795170.220987,12.755688714665164,2.13,5616.91,6.27e-06,Australe
BWA,2011,2073535.0,12009389542.716131,14.019842550424952,1.99,5791.75,6.76e-06,Australe
BWA,2012,2108617.0,13024521047.366688,12.576305662051931,1.69,6176.81,5.96e-06,Australe
BWA,2013,2140682.0,14083293912.73218,13.63780068997875,1.52,6578.88,6.37e-06,Australe
BWA,2014,2172044.0,14375251900.310694,12.812093048277635,1.47,6618.31,5.9e-06,Australe
BWA,2015,2203273.0,14887587531.958622,12.44344606736402,1.44,6757.03,5.65e-06,Australe
BWA,2016,2234776.0,15270333378.868654,13.569603839827128,1.43,6833.05,6.07e-06,Australe
BWA,2017,2266747.0,15489828383.035467,13.188084586037352,1.43,6833.51,5.82e-06,Australe
BWA,2018,2299141.0,16320866392.946304,13.655742525042564,1.43,7098.68,5.94e-06,Australe
BWA,2019,2332083.0,16833832820.71057,15.052189049025657,1.43,7218.37,6.45e-06,Australe
BWA,2020,2365894.0,17226928840.218563,14.541855398934649,1.45,7281.36,6.15e-06,Australe
BWA,2021,2401441.0,17657612773.02842,15.629974339910714,1.5,7352.92,6.51e-06,Australe
BWA,2022,2439892.0,18197032976.161926,14.495023987563435,1.6,7458.13,5.94e-06,Australe
BWA,2023,2480244.0,19211506825.31444,15.148034599961036,1.65,7745.81,6.11e-06,Australe
BWA,2024,2521139.0,19571541570.27438,9.621351531147504,1.65,7762.98,3.82e-06,Australe
BWA,2025,2562122.0,20100242936.05772,9.621351531147504,1.63,7845.15,3.76e-06,Australe
CAF,1960,1702346.0,20100242936.05772,9.621351531147504,0.0,11807.38,5.65e-06,Centrale
CAF,1961,1734580.0,20100242936.05772,9.621351531147504,1.89,11587.96,5.55e-06,Centrale
CAF,1962,1768115.0,20100242936.05772,9.621351531147504,1.93,11368.18,5.44e-06,Centrale
CAF,1963,1803063.0,20100242936.05772,9.621351531147504,1.98,11147.83,5.34e-06,Centrale
CAF,1964,1839583.0,20100242936.05772,9.621351531147504,2.03,10926.52,5.23e-06,Centrale
CAF,1965,1877854.0,20100242936.05772,9.621351531147504,2.08,10703.84,5.12e-06,Centrale
CAF,1966,1918082.0,20100242936.05772,9.621351531147504,2.14,10479.34,5.02e-06,Centrale
CAF,1967,1960444.0,20100242936.05772,9.621351531147504,2.21,10252.9,4.91e-06,Centrale
CAF,1968,2005100.0,20100242936.05772,9.621351531147504,2.28,10024.56,4.8e-06,Centrale
CAF,1969,2051515.0,20100242936.05772,9.621351531147504,2.31,9797.76,4.69e-06,Centrale
CAF,1970,2097505.0,20100242936.05772,9.621351531147504,2.24,9582.93,4.59e-06,Centrale
CAF,1971,2141450.0,20100242936.05772,9.621351531147504,2.1,9386.28,4.49e-06,Centrale
CAF,1972,2183769.0,20100242936.05772,9.621351531147504,1.98,9204.38,4.41e-06,Centrale
CAF,1973,2226008.0,20100242936.05772,9.621351531147504,1.93,9029.73,4.32e-06,Centrale
CAF,1974,2269338.0,20100242936.05772,9.621351531147504,1.95,8857.32,4.24e-06,Centrale
CAF,1975,2313916.0,20100242936.05772,9.621351531147504,1.96,8686.68,4.16e-06,Centrale
CAF,1976,2348566.0,20100242936.05772,9.621351531147504,1.5,8558.52,4.1e-06,Centrale
CAF,1977,2372930.0,20100242936.05772,9.621351531147504,1.04,8470.64,4.05e-06,Centrale
CAF,1978,2397961.0,20100242936.05772,9.621351531147504,1.05,8382.22,4.01e-06,Centrale
CAF,1979,2423794.0,20100242936.05772,9.621351531147504,1.08,8292.88,3.97e-06,Centrale
CAF,1980,2450535.0,20100242936.05772,9.621351531147504,1.1,8202.39,3.93e-06,Centrale
CAF,1981,2478402.0,20100242936.05772,9.621351531147504,1.14,8110.16,3.88e-06,Centrale
CAF,1982,2507375.0,20100242936.05772,9.621351531147504,1.17,8016.45,3.84e-06,Centrale
CAF,1983,2537399.0,20100242936.05772,9.621351531147504,1.2,7921.59,3.79e-06,Centrale
CAF,1984,2568610.0,20100242936.05772,9.621351531147504,1.23,7825.34,3.75e-06,Centrale
CAF,1985,2600932.0,20100242936.05772,9.621351531147504,1.26,7728.09,3.7e-06,Centrale
CAF,1986,2634258.0,20100242936.05772,9.621351531147504,1.28,7630.32,3.65e-06,Centrale
CAF,1987,2669155.0,20100242936.05772,9.621351531147504,1.32,7530.56,3.6e-06,Centrale
CAF,1988,2713965.0,20100242936.05772,9.621351531147504,1.68,7406.23,3.55e-06,Centrale
CAF,1989,2783970.0,20100242936.05772,9.621351531147504,2.58,7219.99,3.46e-06,Centrale
CAF,1990,2871910.0,20100242936.05772,9.621351531147504,3.16,6998.91,3.35e-06,Centrale
CAF,1991,2963191.0,20100242936.05772,9.621351531147504,3.18,6783.31,3.25e-06,Centrale
CAF,1992,3058831.0,20100242936.05772,9.621351531147504,3.23,6571.22,3.15e-06,Centrale
CAF,1993,3157839.0,20100242936.05772,9.621351531147504,3.24,6365.19,3.05e-06,Centrale
CAF,1994,3257954.0,20100242936.05772,9.621351531147504,3.17,6169.59,2.95e-06,Centrale
CAF,1995,3348052.0,20100242936.05772,9.621351531147504,2.77,6003.56,2.87e-06,Centrale
CAF,1996,3435965.0,20100242936.05772,9.621351531147504,2.63,5849.96,2.8e-06,Centrale
CAF,1997,3531700.0,20100242936.05772,9.621351531147504,2.79,5691.38,2.72e-06,Centrale
CAF,1998,3628827.0,20100242936.05772,9.621351531147504,2.75,5539.05,2.65e-06,Centrale
CAF,1999,3729450.0,20100242936.05772,9.621351531147504,2.77,5389.6,2.58e-06,Centrale
CAF,2000,3833416.0,20100242936.05772,9.621351531147504,2.79,5243.43,2.51e-06,Centrale
CAF,2001,3919487.0,20100242936.05772,9.621351531147504,2.25,5128.28,2.45e-06,Centrale
CAF,2002,4006077.0,20100242936.05772,9.621351531147504,2.21,5017.44,2.4e-06,Centrale
CAF,2003,4103086.0,20100242936.05772,9.621351531147504,2.42,4898.81,2.34e-06,Centrale
CAF,2004,4192826.0,20100242936.05772,9.621351531147504,2.19,4793.96,2.29e-06,Centrale
CAF,2005,4288810.0,20100242936.05772,9.621351531147504,2.29,4686.67,2.24e-06,Centrale
CAF,2006,4377579.0,20100242936.05772,9.621351531147504,2.07,4591.63,2.2e-06,Centrale
CAF,2007,4462770.0,20100242936.05772,9.621351531147504,1.95,4503.98,2.16e-06,Centrale
CAF,2008,4558984.0,20100242936.05772,9.621351531147504,2.16,4408.93,2.11e-06,Centrale
CAF,2009,4529047.0,4610310865.649695,9.621351531147504,-0.66,1017.94,2.12e-06,Centrale
CAF,2010,4492995.0,4469282948.784636,9.621351531147504,-0.8,994.72,2.14e-06,Centrale
CAF,2011,4565021.0,4471217149.779931,9.621351531147504,1.6,979.45,2.11e-06,Centrale
CAF,2012,4610848.0,4857356363.243487,9.621351531147504,1.0,1053.46,2.09e-06,Centrale
CAF,2013,4642419.0,2626469705.2128434,9.621351531147504,0.68,565.75,2.07e-06,Centrale
CAF,2014,4623182.0,2691940461.721398,9.621351531147504,-0.41,582.27,2.08e-06,Centrale
CAF,2015,4629320.0,2742067422.4149203,9.621351531147504,0.13,592.33,2.08e-06,Centrale
CAF,2016,4713663.0,2985919541.184264,9.621351531147504,1.82,633.46,2.04e-06,Centrale
CAF,2017,4793511.0,3006189707.99067,9.621351531147504,1.69,627.14,2.01e-06,Centrale
CAF,2018,4878657.0,4504453180.384383,9.621351531147504,1.78,923.3,1.97e-06,Centrale
CAF,2019,4944703.0,4762286903.411966,9.621351531147504,1.35,963.11,1.95e-06,Centrale
CAF,2020,5026628.0,4560315426.080428,9.621351531147504,1.66,907.23,1.91e-06,Centrale
CAF,2021,5112100.0,4688528884.247365,9.621351531147504,1.7,917.14,1.88e-06,Centrale
CAF,2022,5098039.0,4941709840.048392,9.621351531147504,-0.28,969.34,1.89e-06,Centrale
CAF,2023,5152421.0,4716088040.12311,9.621351531147504,1.07,915.31,1.87e-06,Centrale
CAF,2024,5330690.0,4813097970.876642,9.621351531147504,3.46,902.9,1.8e-06,Centrale
CAF,2025,5513282.0,20100242936.05772,9.621351531147504,3.43,3645.79,1.75e-06,Centrale
CIV,1960,3673666.0,20100242936.05772,9.621351531147504,0.0,5471.44,2.62e-06,Ouest
CIV,1961,3810151.0,20100242936.05772,9.621351531147504,3.72,5275.45,2.53e-06,Ouest
CIV,1962,3956939.0,20100242936.05772,9.621351531147504,3.85,5079.75,2.43e-06,Ouest
CIV,1963,4112061.0,20100242936.05772,9.621351531147504,3.92,4888.12,2.34e-06,Ouest
CIV,1964,4273952.0,20100242936.05772,9.621351531147504,3.94,4702.96,2.25e-06,Ouest
CIV,1965,4442377.0,20100242936.05772,9.621351531147504,3.94,4524.66,2.17e-06,Ouest
CIV,1966,4617519.0,20100242936.05772,9.621351531147504,3.94,4353.04,2.08e-06,Ouest
CIV,1967,4799744.0,20100242936.05772,9.621351531147504,3.95,4187.77,2e-06,Ouest
CIV,1968,4990021.0,20100242936.05772,9.621351531147504,3.96,4028.09,1.93e-06,Ouest
CIV,1969,5192221.0,20100242936.05772,9.621351531147504,4.05,3871.22,1.85e-06,Ouest
CIV,1970,5411567.0,20100242936.05772,9.621351531147504,4.22,3714.31,1.78e-06,Ouest
CIV,1971,5650868.0,20100242936.05772,9.621351531147504,4.42,3557.02,1.7e-06,Ouest
CIV,1972,5909716.0,20100242936.05772,9.621351531147504,4.58,3401.22,1.63e-06,Ouest
CIV,1973,6184944.0,20100242936.05772,9.621351531147504,4.66,3249.87,1.56e-06,Ouest
CIV,1974,6474057.0,20100242936.05772,9.621351531147504,4.67,3104.74,1.49e-06,Ouest
CIV,1975,6776297.0,20100242936.05772,9.621351531147504,4.67,2966.26,1.42e-06,Ouest
CIV,1976,7057958.0,20100242936.05772,9.621351531147504,4.16,2847.88,1.36e-06,Ouest
CIV,1977,7321950.0,20100242936.05772,9.621351531147504,3.74,2745.2,1.31e-06,Ouest
CIV,1978,7603130.0,20100242936.05772,9.621351531147504,3.84,2643.68,1.27e-06,Ouest
CIV,1979,7902267.0,20100242936.05772,9.621351531147504,3.93,2543.6,1.22e-06,Ouest
CIV,1980,8220714.0,20100242936.05772,9.621351531147504,4.03,2445.07,1.17e-06,Ouest
CIV,1981,8556596.0,20100242936.05772,9.621351531147504,4.09,2349.09,1.12e-06,Ouest
CIV,1982,8907936.0,20100242936.05772,9.621351531147504,4.11,2256.44,1.08e-06,Ouest
CIV,1983,9272744.0,20100242936.05772,9.621351531147504,4.1,2167.67,1.04e-06,Ouest
CIV,1984,9650516.0,20100242936.05772,9.621351531147504,4.07,2082.82,1e-06,Ouest
CIV,1985,10040483.0,20100242936.05772,9.621351531147504,4.04,2001.92,9.6e-07,Ouest
CIV,1986,10440917.0,20100242936.05772,9.621351531147504,3.99,1925.14,9.2e-07,Ouest
CIV,1987,10851475.0,20100242936.05772,9.621351531147504,3.93,1852.31,8.9e-07,Ouest
CIV,1988,11275189.0,20100242936.05772,9.621351531147504,3.9,1782.7,8.5e-07,Ouest
CIV,1989,11719771.0,20100242936.05772,9.621351531147504,3.94,1715.07,8.2e-07,Ouest
CIV,1990,12189778.0,20100242936.05772,14.741874933205713,4.01,1648.94,1.21e-06,Ouest
CIV,1991,12683870.0,20100242936.05772,14.33590206945706,4.05,1584.71,1.13e-06,Ouest
CIV,1992,13200310.0,20100242936.05772,13.112497093566734,4.07,1522.71,9.9e-07,Ouest
CIV,1993,13735951.0,20100242936.05772,12.637204455670275,4.06,1463.33,9.2e-07,Ouest
CIV,1994,14287201.0,20100242936.05772,12.432732887172484,4.01,1406.87,8.7e-07,Ouest
CIV,1995,14855565.0,20100242936.05772,13.368768902052084,3.98,1353.04,9e-07,Ouest
CIV,1996,15442312.0,20100242936.05772,12.821702923681128,3.95,1301.63,8.3e-07,Ouest
CIV,1997,16047170.0,20100242936.05772,13.778076235403088,3.92,1252.57,8.6e-07,Ouest
CIV,1998,16663948.0,20100242936.05772,14.401950180294389,3.84,1206.21,8.6e-07,Ouest
CIV,1999,17215935.0,20100242936.05772,12.220302615020955,3.31,1167.54,7.1e-07,Ouest
CIV,2000,17699004.0,20100242936.05772,12.609744601976356,2.81,1135.67,7.1e-07,Ouest
CIV,2001,18178913.0,20100242936.05772,12.829039114754906,2.71,1105.69,7.1e-07,Ouest
CIV,2002,18654771.0,20100242936.05772,11.674839185891589,2.62,1077.49,6.3e-07,Ouest
CIV,2003,19125542.0,20100242936.05772,11.765950316360742,2.52,1050.96,6.2e-07,Ouest
CIV,2004,19595000.0,20100242936.05772,8.614752870860364,2.45,1025.78,4.4e-07,Ouest
CIV,2005,20068458.0,20100242936.05772,8.411599052652138,2.42,1001.58,4.2e-07,Ouest
CIV,2006,20546802.0,20100242936.05772,8.794574877594727,2.38,978.27,4.3e-07,Ouest
CIV,2007,21030558.0,20100242936.05772,8.261044206362374,2.35,955.76,3.9e-07,Ouest
CIV,2008,21514439.0,57087461648.22802,8.612243669786942,2.3,2653.45,4e-07,Ouest
CIV,2009,21997940.0,59239962812.42837,9.736493773034962,2.25,2692.98,4.4e-07,Ouest
CIV,2010,22488065.0,61973015668.13957,11.73900103831663,2.23,2755.82,5.2e-07,Ouest
CIV,2011,22982000.0,59350742661.38026,9.746187817778855,2.2,2582.49,4.2e-07,Ouest
CIV,2012,23467078.0,65057320226.98023,9.575595810939722,2.11,2772.28,4.1e-07,Ouest
CIV,2013,23939775.0,67804181469.79229,10.300437809381808,2.01,2832.28,4.3e-07,Ouest
CIV,2014,24527395.0,74734029208.61368,11.1861511372459,2.45,3046.96,4.6e-07,Ouest
CIV,2015,25246342.0,84995977143.48198,13.313385549505533,2.93,3366.67,5.3e-07,Ouest
CIV,2016,25989405.0,90446477456.0471,13.585524344344885,2.94,3480.13,5.2e-07,Ouest
CIV,2017,26733372.0,95847845577.97862,14.15250083508672,2.86,3585.33,5.3e-07,Ouest
CIV,2018,27464173.0,101569693159.52556,15.814286011311957,2.73,3698.26,5.8e-07,Ouest
CIV,2019,28193009.0,106166634992.6489,15.64694079354516,2.65,3765.71,5.5e-07,Ouest
CIV,2020,28915449.0,107676119214.17798,14.998190350583206,2.56,3723.83,5.2e-07,Ouest
CIV,2021,29639736.0,113352676785.7963,12.70614656945522,2.5,3824.35,4.3e-07,Ouest
CIV,2022,30395002.0,118538613375.533,12.96203725551798,2.55,3899.94,4.3e-07,Ouest
CIV,2023,31165654.0,130599374264.34604,13.486754827846331,2.54,4190.49,4.3e-07,Ouest
CIV,2024,31934230.0,133892661932.04758,9.621351531147504,2.47,4192.76,3e-07,Ouest
CIV,2025,32711547.0,20100242936.05772,9.621351531147504,2.43,614.47,2.9e-07,Ouest
CMR,1960,5159057.0,20100242936.05772,9.621351531147504,0.0,3896.11,1.86e-06,Centrale
CMR,1961,5239273.0,20100242936.05772,9.621351531147504,1.55,3836.46,1.84e-06,Centrale
CMR,1962,5338620.0,20100242936.05772,9.621351531147504,1.9,3765.06,1.8e-06,Centrale
CMR,1963,5456623.0,20100242936.05772,9.621351531147504,2.21,3683.64,1.76e-06,Centrale
CMR,1964,5578257.0,20100242936.05772,9.621351531147504,2.23,3603.32,1.72e-06,Centrale
CMR,1965,5704686.0,20100242936.05772,9.621351531147504,2.27,3523.46,1.69e-06,Centrale
CMR,1966,5837295.0,20100242936.05772,9.621351531147504,2.32,3443.42,1.65e-06,Centrale
CMR,1967,5977318.0,20100242936.05772,9.621351531147504,2.4,3362.75,1.61e-06,Centrale
CMR,1968,6125863.0,20100242936.05772,9.621351531147504,2.49,3281.21,1.57e-06,Centrale
CMR,1969,6283462.0,20100242936.05772,9.621351531147504,2.57,3198.91,1.53e-06,Centrale
CMR,1970,6449793.0,20100242936.05772,9.621351531147504,2.65,3116.42,1.49e-06,Centrale
CMR,1971,6624408.0,20100242936.05772,9.621351531147504,2.71,3034.27,1.45e-06,Centrale
CMR,1972,6806872.0,20100242936.05772,9.621351531147504,2.75,2952.93,1.41e-06,Centrale
CMR,1973,6996660.0,20100242936.05772,9.621351531147504,2.79,2872.83,1.38e-06,Centrale
CMR,1974,7193583.0,20100242936.05772,9.621351531147504,2.81,2794.19,1.34e-06,Centrale
CMR,1975,7397120.0,20100242936.05772,9.621351531147504,2.83,2717.31,1.3e-06,Centrale
CMR,1976,7597962.0,20100242936.05772,9.621351531147504,2.72,2645.48,1.27e-06,Centrale
CMR,1977,7796501.0,20100242936.05772,9.621351531147504,2.61,2578.11,1.23e-06,Centrale
CMR,1978,8011921.0,20100242936.05772,9.621351531147504,2.76,2508.79,1.2e-06,Centrale
CMR,1979,8239641.0,20100242936.05772,9.621351531147504,2.84,2439.46,1.17e-06,Centrale
CMR,1980,8512219.0,20100242936.05772,9.621351531147504,3.31,2361.34,1.13e-06,Centrale
CMR,1981,8816377.0,20100242936.05772,9.621351531147504,3.57,2279.88,1.09e-06,Centrale
CMR,1982,9028678.0,20100242936.05772,9.621351531147504,2.41,2226.27,1.07e-06,Centrale
CMR,1983,9215397.0,20100242936.05772,9.621351531147504,2.07,2181.16,1.04e-06,Centrale
CMR,1984,9475078.0,20100242936.05772,9.621351531147504,2.82,2121.38,1.02e-06,Centrale
CMR,1985,9761730.0,20100242936.05772,9.621351531147504,3.03,2059.09,9.9e-07,Centrale
CMR,1986,10060342.0,20100242936.05772,9.621351531147504,3.06,1997.97,9.6e-07,Centrale
CMR,1987,10370749.0,20100242936.05772,9.621351531147504,3.09,1938.17,9.3e-07,Centrale
CMR,1988,10684968.0,20100242936.05772,9.621351531147504,3.03,1881.17,9e-07,Centrale
CMR,1989,11002745.0,20100242936.05772,9.621351531147504,2.97,1826.84,8.7e-07,Centrale
CMR,1990,11331821.0,25401520778.638805,10.276516321935416,2.99,2241.61,9.1e-07,Centrale
CMR,1991,11667180.0,24788415780.409576,9.79011858485685,2.96,2124.63,8.4e-07,Centrale
CMR,1992,12006353.0,22344498618.233143,9.384575231964195,2.91,1861.06,7.8e-07,Centrale
CMR,1993,12353131.0,25935111405.96432,8.350992320707105,2.89,2099.48,6.8e-07,Centrale
CMR,1994,12704903.0,27081751693.888733,8.22239902239852,2.85,2131.6,6.5e-07,Centrale
CMR,1995,13058516.0,27246357824.46825,8.315103032593578,2.78,2086.48,6.4e-07,Centrale
CMR,1996,13414757.0,28732515772.781567,8.45668717951814,2.73,2141.86,6.3e-07,Centrale
CMR,1997,13775214.0,30972282272.176617,8.53657072828458,2.69,2248.41,6.2e-07,Centrale
CMR,1998,14144860.0,32933846104.898487,8.691144291743026,2.68,2328.33,6.1e-07,Centrale
CMR,1999,14525140.0,34931595537.82283,9.013741642203328,2.69,2404.91,6.2e-07,Centrale
CMR,2000,14912631.0,37449212249.72157,8.977430448349267,2.67,2511.24,6e-07,Centrale
CMR,2001,15309490.0,39374107330.28882,9.257009707563686,2.66,2571.88,6e-07,Centrale
CMR,2002,15725528.0,40926214153.47819,9.19998835839622,2.72,2602.53,5.9e-07,Centrale
CMR,2003,16160340.0,43734796937.90525,9.318185764988378,2.77,2706.3,5.8e-07,Centrale
CMR,2004,16610487.0,46294321106.61773,9.661717607284428,2.79,2787.05,5.8e-07,Centrale
CMR,2005,17074594.0,48806325625.706215,9.80008094440172,2.79,2858.42,5.7e-07,Centrale
CMR,2006,17550407.0,50075979147.60928,11.015922606995412,2.79,2853.27,6.3e-07,Centrale
CMR,2007,18049896.0,51136360158.23747,12.195612821112183,2.85,2833.06,6.8e-07,Centrale
CMR,2008,18574056.0,53857971891.49327,12.433084051440934,2.9,2899.63,6.7e-07,Centrale
CMR,2009,19113974.0,56326348735.930855,11.79104676108464,2.91,2946.87,6.2e-07,Centrale
CMR,2010,19668066.0,57234738017.91402,12.036310898894705,2.9,2910.03,6.1e-07,Centrale
CMR,2011,20232304.0,59137544248.80165,11.86223983458445,2.87,2922.93,5.9e-07,Centrale
CMR,2012,20809529.0,62192778017.174034,11.886121231329987,2.85,2988.67,5.7e-07,Centrale
CMR,2013,21402376.0,65765160152.03907,11.917716016041966,2.85,3072.8,5.6e-07,Centrale
CMR,2014,22059893.0,69508364743.28723,11.614524781624032,3.07,3150.89,5.3e-07,Centrale
CMR,2015,22763414.0,73985154093.69298,11.664434890518349,3.19,3250.18,5.1e-07,Centrale
CMR,2016,23454161.0,75760987263.989,11.921305514605075,3.03,3230.17,5.1e-07,Centrale
CMR,2017,24128601.0,79323301155.93813,12.21274147963078,2.88,3287.52,5.1e-07,Centrale
CMR,2018,24806383.0,83386803000.32103,12.365130113129643,2.81,3361.51,5e-07,Centrale
CMR,2019,25506095.0,86766095742.80057,12.603344924564736,2.82,3401.78,4.9e-07,Centrale
CMR,2020,26210558.0,86987836607.96535,12.313159494071224,2.76,3318.81,4.7e-07,Centrale
CMR,2021,26915758.0,91103463026.7624,12.68126417045496,2.69,3384.76,4.7e-07,Centrale
CMR,2022,27632771.0,95011520955.95052,12.946968967638638,2.66,3438.36,4.7e-07,Centrale
CMR,2023,28372687.0,97554588988.03496,13.150827470639156,2.68,3438.33,4.6e-07,Centrale
CMR,2024,29123744.0,100325155336.30331,9.621351531147504,2.65,3444.79,3.3e-07,Centrale
CMR,2025,29879337.0,20100242936.05772,9.621351531147504,2.59,672.71,3.2e-07,Centrale
COD,1960,15264846.0,20100242936.05772,9.621351531147504,0.0,1316.77,6.3e-07,Centrale
COD,1961,15662374.0,20100242936.05772,9.621351531147504,2.6,1283.35,6.1e-07,Centrale
COD,1962,16075724.0,20100242936.05772,9.621351531147504,2.64,1250.35,6e-07,Centrale
COD,1963,16507599.0,20100242936.05772,9.621351531147504,2.69,1217.64,5.8e-07,Centrale
COD,1964,16955327.0,20100242936.05772,9.621351531147504,2.71,1185.48,5.7e-07,Centrale
COD,1965,17427802.0,20100242936.05772,9.621351531147504,2.79,1153.34,5.5e-07,Centrale
COD,1966,17931929.0,20100242936.05772,9.621351531147504,2.89,1120.92,5.4e-07,Centrale
COD,1967,18462782.0,20100242936.05772,9.621351531147504,2.96,1088.69,5.2e-07,Centrale
COD,1968,19012189.0,20100242936.05772,9.621351531147504,2.98,1057.23,5.1e-07,Centrale
COD,1969,19570445.0,20100242936.05772,9.621351531147504,2.94,1027.07,4.9e-07,Centrale
COD,1970,20137436.0,20100242936.05772,9.621351531147504,2.9,998.15,4.8e-07,Centrale
COD,1971,20695569.0,20100242936.05772,9.621351531147504,2.77,971.23,4.6e-07,Centrale
COD,1972,21251160.0,20100242936.05772,9.621351531147504,2.68,945.84,4.5e-07,Centrale
COD,1973,21827665.0,20100242936.05772,9.621351531147504,2.71,920.86,4.4e-07,Centrale
COD,1974,22418878.0,20100242936.05772,9.621351531147504,2.71,896.58,4.3e-07,Centrale
COD,1975,23021101.0,20100242936.05772,9.621351531147504,2.69,873.12,4.2e-07,Centrale
COD,1976,23624031.0,20100242936.05772,9.621351531147504,2.62,850.84,4.1e-07,Centrale
COD,1977,24229061.0,20100242936.05772,9.621351531147504,2.56,829.59,4e-07,Centrale
COD,1978,24992689.0,20100242936.05772,9.621351531147504,3.15,804.24,3.8e-07,Centrale
COD,1979,25886782.0,20100242936.05772,9.621351531147504,3.58,776.47,3.7e-07,Centrale
COD,1980,26711099.0,20100242936.05772,9.621351531147504,3.18,752.51,3.6e-07,Centrale
COD,1981,27500515.0,20100242936.05772,9.621351531147504,2.96,730.9,3.5e-07,Centrale
COD,1982,28338190.0,20100242936.05772,9.621351531147504,3.05,709.3,3.4e-07,Centrale
COD,1983,29250963.0,20100242936.05772,9.621351531147504,3.22,687.17,3.3e-07,Centrale
COD,1984,30245081.0,20100242936.05772,9.621351531147504,3.4,664.58,3.2e-07,Centrale
COD,1985,31264816.0,20100242936.05772,9.621351531147504,3.37,642.9,3.1e-07,Centrale
COD,1986,32265196.0,20100242936.05772,9.621351531147504,3.2,622.97,3e-07,Centrale
COD,1987,33298904.0,20100242936.05772,9.621351531147504,3.2,603.63,2.9e-07,Centrale
COD,1988,34382752.0,20100242936.05772,9.621351531147504,3.25,584.6,2.8e-07,Centrale
COD,1989,35486866.0,20100242936.05772,9.621351531147504,3.21,566.41,2.7e-07,Centrale
COD,1990,36684063.0,20100242936.05772,7.473408306081569,3.37,547.93,2e-07,Centrale
COD,1991,37925817.0,20100242936.05772,6.835753196903039,3.38,529.99,1.8e-07,Centrale
COD,1992,39228910.0,20100242936.05772,6.008123889751273,3.44,512.38,1.5e-07,Centrale
COD,1993,40656336.0,31430375145.271454,5.0968675349463455,3.64,773.07,1.3e-07,Centrale
COD,1994,42626876.0,32804270634.308304,4.880440493213262,4.85,769.57,1.1e-07,Centrale
COD,1995,44433704.0,33339564165.53756,4.71470870665388,4.24,750.32,1.1e-07,Centrale
COD,1996,45296124.0,32018576118.268723,4.513090616913035,1.94,706.87,1e-07,Centrale
COD,1997,46029902.0,30147549505.842854,4.18599354189466,1.62,654.96,9e-08,Centrale
COD,1998,47297600.0,31956508260.279007,4.019588004913002,2.75,675.65,8e-08,Centrale
COD,1999,48912971.0,30168883565.553303,3.837355478130151,3.42,616.79,8e-08,Centrale
COD,2000,50507442.0,30543296780.77926,3.5637795017200053,3.26,604.73,7e-08,Centrale
COD,2001,52132646.0,30302693851.004192,3.375583303635178,3.22,581.26,6e-08,Centrale
COD,2002,53750524.0,27292922670.06609,3.358125627868015,3.1,507.77,6e-08,Centrale
COD,2003,55343867.0,33735470256.551548,3.417739879419748,2.96,609.56,6e-08,Centrale
COD,2004,56997741.0,35288038715.49691,3.5079946837492,2.99,619.11,6e-08,Centrale
COD,2005,58775724.0,37759994449.78766,3.584273865596346,3.12,642.44,6e-08,Centrale
COD,2006,60615908.0,39474052052.62808,3.629764440915221,3.13,651.22,6e-08,Centrale
COD,2007,62477752.0,41253488408.7332,3.8008607084996457,3.07,660.29,6e-08,Centrale
COD,2008,64390664.0,43109320541.44549,3.936711801461418,3.06,669.5,6e-08,Centrale
COD,2009,66412044.0,44608384781.96241,3.8436625632767054,3.14,671.69,6e-08,Centrale
COD,2010,68563038.0,46464501004.64925,3.996269014774116,3.24,677.69,6e-08,Centrale
COD,2011,70849311.0,47926087241.445496,4.053650675254204,3.33,676.45,6e-08,Centrale
COD,2012,73254618.0,49293531663.25544,3.5652668060781174,3.39,672.91,5e-08,Centrale
COD,2013,75789395.0,50865252155.678856,3.7565339478102926,3.46,671.14,5e-08,Centrale
COD,2014,78403242.0,53081897743.59166,3.875576182512361,3.45,677.04,5e-08,Centrale
COD,2015,81035531.0,54313032685.53878,3.99733018886756,3.36,670.24,5e-08,Centrale
COD,2016,83956415.0,56287679500.24322,3.9113711123417385,3.6,670.44,5e-08,Centrale
COD,2017,87083398.0,58421308954.636665,4.054129757285114,3.72,670.87,5e-08,Centrale
COD,2018,90047644.0,61148135089.1816,4.252957099485839,3.4,679.06,5e-08,Centrale
COD,2019,92947442.0,63681009572.89264,4.217206060595668,3.22,685.13,5e-08,Centrale
COD,2020,95989998.0,64047263824.60228,3.6734572509088577,3.27,667.23,4e-08,Centrale
COD,2021,99148932.0,65538934427.66357,3.5598135421696435,3.29,661.02,4e-08,Centrale
COD,2022,102396968.0,69437115787.3178,3.5513130426922066,3.28,678.12,3e-08,Centrale
COD,2023,105789731.0,71659050842.5692,3.808525175391056,3.31,677.37,4e-08,Centrale
COD,2024,109276265.0,74544243647.44159,9.621351531147504,3.3,682.16,9e-08,Centrale
COD,2025,112832473.0,20100242936.05772,9.621351531147504,3.25,178.14,9e-08,Centrale
COG,1960,1056732.0,20100242936.05772,9.621351531147504,0.0,17116.2325,9.1e-06,Centrale
COG,1961,1084389.0,20100242936.05772,9.621351531147504,2.62,17116.2325,8.87e-06,Centrale
COG,1962,1113175.0,20100242936.05772,9.621351531147504,2.65,17116.2325,8.64e-06,Centrale
COG,1963,1143263.0,20100242936.05772,9.621351531147504,2.7,17116.2325,8.42e-06,Centrale
COG,1964,1174816.0,20100242936.05772,9.621351531147504,2.76,17109.27,8.19e-06,Centrale
COG,1965,1207880.0,20100242936.05772,9.621351531147504,2.81,16640.93,7.97e-06,Centrale
COG,1966,1242534.0,20100242936.05772,9.621351531147504,2.87,16176.82,7.74e-06,Centrale
COG,1967,1278691.0,20100242936.05772,9.621351531147504,2.91,15719.39,7.52e-06,Centrale
COG,1968,1316519.0,20100242936.05772,9.621351531147504,2.96,15267.72,7.31e-06,Centrale
COG,1969,1356182.0,20100242936.05772,9.621351531147504,3.01,14821.2,7.09e-06,Centrale
COG,1970,1397638.0,20100242936.05772,9.621351531147504,3.06,14381.58,6.88e-06,Centrale
COG,1971,1441039.0,20100242936.05772,9.621351531147504,3.11,13948.44,6.68e-06,Centrale
COG,1972,1486468.0,20100242936.05772,9.621351531147504,3.15,13522.15,6.47e-06,Centrale
COG,1973,1533680.0,20100242936.05772,9.621351531147504,3.18,13105.89,6.27e-06,Centrale
COG,1974,1582301.0,20100242936.05772,9.621351531147504,3.17,12703.17,6.08e-06,Centrale
COG,1975,1627032.0,20100242936.05772,9.621351531147504,2.83,12353.93,5.91e-06,Centrale
COG,1976,1667225.0,20100242936.05772,9.621351531147504,2.47,12056.11,5.77e-06,Centrale
COG,1977,1707568.0,20100242936.05772,9.621351531147504,2.42,11771.27,5.63e-06,Centrale
COG,1978,1748089.0,20100242936.05772,9.621351531147504,2.37,11498.41,5.5e-06,Centrale
COG,1979,1788524.0,20100242936.05772,9.621351531147504,2.31,11238.45,5.38e-06,Centrale
COG,1980,1828985.0,20100242936.05772,9.621351531147504,2.26,10989.83,5.26e-06,Centrale
COG,1981,1869759.0,20100242936.05772,9.621351531147504,2.23,10750.18,5.15e-06,Centrale
COG,1982,1910430.0,20100242936.05772,9.621351531147504,2.18,10521.32,5.04e-06,Centrale
COG,1983,1950321.0,20100242936.05772,9.621351531147504,2.09,10306.12,4.93e-06,Centrale
COG,1984,1999528.0,20100242936.05772,9.621351531147504,2.52,10052.49,4.81e-06,Centrale
COG,1985,2059311.0,20100242936.05772,9.621351531147504,2.99,9760.66,4.67e-06,Centrale
COG,1986,2120602.0,20100242936.05772,9.621351531147504,2.98,9478.56,4.54e-06,Centrale
COG,1987,2183473.0,20100242936.05772,9.621351531147504,2.96,9205.63,4.41e-06,Centrale
COG,1988,2247653.0,20100242936.05772,9.621351531147504,2.94,8942.77,4.28e-06,Centrale
COG,1989,2313558.0,20100242936.05772,9.621351531147504,2.93,8688.02,4.16e-06,Centrale
COG,1990,2380560.0,4099881794.0577993,26.30291610033751,2.9,1722.23,1.105e-05,Centrale
COG,1991,2449229.0,4730111774.21367,25.79445893839833,2.88,1931.27,1.053e-05,Centrale
COG,1992,2519465.0,3664830306.378341,26.79279281527511,2.87,1454.61,1.063e-05,Centrale
COG,1993,2595124.0,4172305528.782327,26.36592353949764,3.0,1607.75,1.016e-05,Centrale
COG,1994,2673144.0,4976934097.30793,28.89140547756137,3.01,1861.83,1.081e-05,Centrale
COG,1995,2749461.0,5912273413.080102,26.31366316348088,2.85,2150.34,9.57e-06,Centrale
COG,1996,2826785.0,6758167356.620783,29.12215532823056,2.81,2390.76,1.03e-05,Centrale
COG,1997,2887862.0,6679736483.170184,30.242367284613888,2.16,2313.04,1.047e-05,Centrale
COG,1998,2952061.0,3753730191.374621,31.344835147562,2.22,1271.56,1.062e-05,Centrale
COG,1999,3032874.0,7226409213.298968,31.01793665159601,2.74,2382.69,1.023e-05,Centrale
COG,2000,3151345.0,7043809999.497876,33.54828284159855,3.91,2235.18,1.065e-05,Centrale
COG,2001,3272537.0,8630406131.95086,31.10206355139545,3.85,2637.22,9.5e-06,Centrale
COG,2002,3350771.0,6380215583.388909,32.3080948989498,2.39,1904.1,9.64e-06,Centrale
COG,2003,3445753.0,7118950193.1188,27.59916361664221,2.83,2066.01,8.01e-06,Centrale
COG,2004,3565554.0,7647763115.143058,26.7393378607729,3.48,2144.9,7.5e-06,Centrale
COG,2005,3696393.0,8876670615.97897,26.8087319783953,3.67,2401.44,7.25e-06,Centrale
COG,2006,3837409.0,9460690060.629608,22.15959669161312,3.81,2465.38,5.77e-06,Centrale
COG,2007,3980430.0,10173432839.428305,23.33688972950198,3.73,2555.86,5.86e-06,Centrale
COG,2008,4113517.0,11092714707.412731,23.14701912105501,3.34,2696.65,5.63e-06,Centrale
COG,2009,4281219.0,11359894576.157028,22.64421000168073,4.08,2653.43,5.29e-06,Centrale
COG,2010,4462290.0,11537072486.45202,21.30120391331765,4.23,2585.46,4.77e-06,Centrale
COG,2011,4609724.0,12206243286.548578,18.61970313814473,3.3,2647.93,4.04e-06,Centrale
COG,2012,4740450.0,12460500675.137716,15.069651117769029,2.84,2628.55,3.18e-06,Centrale
COG,2013,4857099.0,12455803511.457766,17.81698906578582,2.46,2564.45,3.67e-06,Centrale
COG,2014,4975880.0,13749892456.946863,16.841713114336628,2.45,2763.31,3.38e-06,Centrale
COG,2015,5097581.0,15685669317.639076,15.68827482472977,2.45,3077.08,3.08e-06,Centrale
COG,2016,5222536.0,15688502269.043966,13.705380307695384,2.45,3004.0,2.62e-06,Centrale
COG,2017,5351011.0,11760729115.46934,13.343945519484867,2.46,2197.85,2.49e-06,Centrale
COG,2018,5483118.0,12500862091.992483,14.4404423508885,2.47,2279.88,2.63e-06,Centrale
COG,2019,5616661.0,14264659264.8118,12.546810220200202,2.44,2539.7,2.23e-06,Centrale
COG,2020,5752791.0,13091174270.654566,11.232137343988148,2.42,2275.62,1.95e-06,Centrale
COG,2021,5892183.0,14596660003.736362,10.764895465640292,2.42,2477.29,1.83e-06,Centrale
COG,2022,6035104.0,15326495039.08942,10.480770889667244,2.43,2539.56,1.74e-06,Centrale
COG,2023,6182885.0,16077495803.329609,10.71486163925535,2.45,2600.32,1.73e-06,Centrale
COG,2024,6332961.0,17122529655.42634,9.621351531147504,2.43,2703.72,1.52e-06,Centrale
COG,2025,6484437.0,20100242936.05772,9.621351531147504,2.39,3099.77,1.48e-06,Centrale
COM,1960,197700.0,20100242936.05772,9.621351531147504,0.0,17116.2325,1.4464999999999998e-05,Est
COM,1961,201201.0,20100242936.05772,9.621351531147504,1.77,17116.2325,1.4464999999999998e-05,Est
COM,1962,204702.0,20100242936.05772,9.621351531147504,1.74,17116.2325,1.4464999999999998e-05,Est
COM,1963,208185.0,20100242936.05772,9.621351531147504,1.7,17116.2325,1.4464999999999998e-05,Est
COM,1964,211644.0,20100242936.05772,9.621351531147504,1.66,17116.2325,1.4464999999999998e-05,Est
COM,1965,214967.0,20100242936.05772,9.621351531147504,1.57,17116.2325,1.4464999999999998e-05,Est
COM,1966,218663.0,20100242936.05772,9.621351531147504,1.72,17116.2325,1.4464999999999998e-05,Est
COM,1967,223859.0,20100242936.05772,9.621351531147504,2.38,17116.2325,1.4464999999999998e-05,Est
COM,1968,230244.0,20100242936.05772,9.621351531147504,2.85,17116.2325,1.4464999999999998e-05,Est
COM,1969,237001.0,20100242936.05772,9.621351531147504,2.93,17116.2325,1.4464999999999998e-05,Est
COM,1970,244185.0,20100242936.05772,9.621351531147504,3.03,17116.2325,1.4464999999999998e-05,Est
COM,1971,251865.0,20100242936.05772,9.621351531147504,3.15,17116.2325,1.4464999999999998e-05,Est
COM,1972,260077.0,20100242936.05772,9.621351531147504,3.26,17116.2325,1.4464999999999998e-05,Est
COM,1973,268820.0,20100242936.05772,9.621351531147504,3.36,17116.2325,1.4464999999999998e-05,Est
COM,1974,278075.0,20100242936.05772,9.621351531147504,3.44,17116.2325,1.4464999999999998e-05,Est
COM,1975,287692.0,20100242936.05772,9.621351531147504,3.46,17116.2325,1.4464999999999998e-05,Est
COM,1976,297538.0,20100242936.05772,9.621351531147504,3.42,17116.2325,1.4464999999999998e-05,Est
COM,1977,307579.0,20100242936.05772,9.621351531147504,3.37,17116.2325,1.4464999999999998e-05,Est
COM,1978,317688.0,20100242936.05772,9.621351531147504,3.29,17116.2325,1.4464999999999998e-05,Est
COM,1979,327791.0,20100242936.05772,9.621351531147504,3.18,17116.2325,1.4464999999999998e-05,Est
COM,1980,337721.0,20100242936.05772,9.621351531147504,3.03,17116.2325,1.4464999999999998e-05,Est
COM,1981,347382.0,20100242936.05772,9.621351531147504,2.86,17116.2325,1.4464999999999998e-05,Est
COM,1982,357139.0,20100242936.05772,9.621351531147504,2.81,17116.2325,1.4464999999999998e-05,Est
COM,1983,367233.0,20100242936.05772,9.621351531147504,2.83,17116.2325,1.4464999999999998e-05,Est
COM,1984,377637.0,20100242936.05772,9.621351531147504,2.83,17116.2325,1.4464999999999998e-05,Est
COM,1985,388352.0,20100242936.05772,9.621351531147504,2.84,17116.2325,1.4464999999999998e-05,Est
COM,1986,399318.0,20100242936.05772,9.621351531147504,2.82,17116.2325,1.4464999999999998e-05,Est
COM,1987,410439.0,20100242936.05772,9.621351531147504,2.78,17116.2325,1.4464999999999998e-05,Est
COM,1988,421687.0,20100242936.05772,9.621351531147504,2.74,17116.2325,1.4464999999999998e-05,Est
COM,1989,433103.0,20100242936.05772,9.621351531147504,2.71,17116.2325,1.4464999999999998e-05,Est
COM,1990,444596.0,1012970377.8653392,77.58944116067873,2.65,2278.41,1.4464999999999998e-05,Est
COM,1991,455556.0,950501137.8989338,9.621351531147504,2.47,2086.46,1.4464999999999998e-05,Est
COM,1992,465113.0,1020438608.0082818,9.621351531147504,2.1,2193.96,1.4464999999999998e-05,Est
COM,1993,473682.0,1046431450.5178728,9.621351531147504,1.84,2209.14,1.4464999999999998e-05,Est
COM,1994,482142.0,1004716348.309692,9.621351531147504,1.79,2083.86,1.4464999999999998e-05,Est
COM,1995,490586.0,1061354226.134594,9.621351531147504,1.75,2163.44,1.4464999999999998e-05,Est
COM,1996,499107.0,1055937624.3457797,9.621351531147504,1.74,2115.65,1.4464999999999998e-05,Est
COM,1997,507777.0,1102510884.2234333,9.621351531147504,1.74,2171.25,1.4464999999999998e-05,Est
COM,1998,516597.0,1102788624.525375,9.621351531147504,1.74,2134.72,1.4464999999999998e-05,Est
COM,1999,525886.0,1132535236.7400966,9.621351531147504,1.8,2153.58,1.4464999999999998e-05,Est
COM,2000,536080.0,1121132445.383525,9.621351531147504,1.94,2091.35,1.4464999999999998e-05,Est
COM,2001,547220.0,1181893574.894075,9.621351531147504,2.08,2159.81,1.4464999999999998e-05,Est
COM,2002,558923.0,1236231364.4816303,9.621351531147504,2.14,2211.81,1.4464999999999998e-05,Est
COM,2003,569798.0,1260148233.1270227,9.621351531147504,1.95,2211.57,1.4464999999999998e-05,Est
COM,2004,580704.0,1299217279.593016,52.23574896314131,1.91,2237.31,1.4464999999999998e-05,Est
COM,2005,592677.0,1372818602.0116422,50.71973879768421,2.06,2316.3,1.4464999999999998e-05,Est
COM,2006,604753.0,1348732549.7533274,43.89775844639009,2.04,2230.22,1.4464999999999998e-05,Est
COM,2007,616927.0,1349559263.763089,45.32980173397691,2.01,2187.55,1.4464999999999998e-05,Est
COM,2008,629307.0,1411213762.6471946,9.621351531147504,2.01,2242.49,1.4464999999999998e-05,Est
COM,2009,641947.0,1497474166.9394577,9.621351531147504,2.01,2332.71,1.4464999999999998e-05,Est
COM,2010,654836.0,1513960097.709029,9.621351531147504,2.01,2311.97,1.4464999999999998e-05,Est
COM,2011,668056.0,1633436620.001447,9.621351531147504,2.02,2445.06,1.44e-05,Est
COM,2012,681630.0,1740647448.4876747,9.621351531147504,2.03,2553.65,1.412e-05,Est
COM,2013,696192.0,1844108034.4670937,9.621351531147504,2.14,2648.85,1.382e-05,Est
COM,2014,711503.0,1865981476.674431,9.621351531147504,2.2,2622.59,1.352e-05,Est
COM,2015,726682.0,1869884670.3459127,9.621351531147504,2.13,2573.18,1.324e-05,Est
COM,2016,741741.0,1916009997.073642,9.621351531147504,2.07,2583.13,1.297e-05,Est
COM,2017,756669.0,1983504137.1508737,9.621351531147504,2.01,2621.36,1.272e-05,Est
COM,2018,771590.0,2012810735.8250551,9.621351531147504,1.97,2608.65,1.247e-05,Est
COM,2019,786578.0,2113403130.7823703,9.621351531147504,1.94,2686.83,1.223e-05,Est
COM,2020,802163.0,2195711283.1934886,9.621351531147504,1.98,2737.24,1.199e-05,Est
COM,2021,818174.0,2288167486.706841,9.621351531147504,2.0,2796.68,1.176e-05,Est
COM,2022,834188.0,2310622249.92724,9.621351531147504,1.96,2769.91,1.153e-05,Est
COM,2023,850387.0,2407258262.745336,9.621351531147504,1.94,2830.78,1.131e-05,Est
COM,2024,866628.0,2520422005.709844,9.621351531147504,1.91,2908.31,1.11e-05,Est
COM,2025,882847.0,20100242936.05772,9.621351531147504,1.87,17116.2325,1.09e-05,Est
CPV,1960,210024.0,20100242936.05772,9.621351531147504,0.0,17116.2325,1.4464999999999998e-05,Ouest
CPV,1961,215087.0,20100242936.05772,9.621351531147504,2.41,17116.2325,1.4464999999999998e-05,Ouest
CPV,1962,221919.0,20100242936.05772,9.621351531147504,3.18,17116.2325,1.4464999999999998e-05,Ouest
CPV,1963,229373.0,20100242936.05772,9.621351531147504,3.36,17116.2325,1.4464999999999998e-05,Ouest
CPV,1964,237006.0,20100242936.05772,9.621351531147504,3.33,17116.2325,1.4464999999999998e-05,Ouest
CPV,1965,244856.0,20100242936.05772,9.621351531147504,3.31,17116.2325,1.4464999999999998e-05,Ouest
CPV,1966,252976.0,20100242936.05772,9.621351531147504,3.32,17116.2325,1.4464999999999998e-05,Ouest
CPV,1967,261404.0,20100242936.05772,9.621351531147504,3.33,17116.2325,1.4464999999999998e-05,Ouest
CPV,1968,270164.0,20100242936.05772,9.621351531147504,3.35,17116.2325,1.4464999999999998e-05,Ouest
CPV,1969,279248.0,20100242936.05772,9.621351531147504,3.36,17116.2325,1.4464999999999998e-05,Ouest
CPV,1970,287885.0,20100242936.05772,9.621351531147504,3.09,17116.2325,1.4464999999999998e-05,Ouest
CPV,1971,294046.0,20100242936.05772,9.621351531147504,2.14,17116.2325,1.4464999999999998e-05,Ouest
CPV,1972,297386.0,20100242936.05772,9.621351531147504,1.14,17116.2325,1.4464999999999998e-05,Ouest
CPV,1973,299881.0,20100242936.05772,9.621351531147504,0.84,17116.2325,1.4464999999999998e-05,Ouest
CPV,1974,302570.0,20100242936.05772,9.621351531147504,0.9,17116.2325,1.4464999999999998e-05,Ouest
CPV,1975,305847.0,20100242936.05772,9.621351531147504,1.08,17116.2325,1.4464999999999998e-05,Ouest
CPV,1976,309455.0,20100242936.05772,9.621351531147504,1.18,17116.2325,1.4464999999999998e-05,Ouest
CPV,1977,312834.0,20100242936.05772,9.621351531147504,1.09,17116.2325,1.4464999999999998e-05,Ouest
CPV,1978,316147.0,20100242936.05772,9.621351531147504,1.06,17116.2325,1.4464999999999998e-05,Ouest
CPV,1979,319480.0,20100242936.05772,9.621351531147504,1.05,17116.2325,1.4464999999999998e-05,Ouest
CPV,1980,323301.0,20100242936.05772,9.621351531147504,1.2,17116.2325,1.4464999999999998e-05,Ouest
CPV,1981,327846.0,20100242936.05772,9.621351531147504,1.41,17116.2325,1.4464999999999998e-05,Ouest
CPV,1982,332724.0,20100242936.05772,9.621351531147504,1.49,17116.2325,1.4464999999999998e-05,Ouest
CPV,1983,337654.0,20100242936.05772,9.621351531147504,1.48,17116.2325,1.4464999999999998e-05,Ouest
CPV,1984,342505.0,20100242936.05772,9.621351531147504,1.44,17116.2325,1.4464999999999998e-05,Ouest
CPV,1985,347365.0,20100242936.05772,9.621351531147504,1.42,17116.2325,1.4464999999999998e-05,Ouest
CPV,1986,352312.0,20100242936.05772,9.621351531147504,1.42,17116.2325,1.4464999999999998e-05,Ouest
CPV,1987,357302.0,20100242936.05772,9.621351531147504,1.42,17116.2325,1.4464999999999998e-05,Ouest
CPV,1988,362329.0,20100242936.05772,9.621351531147504,1.41,17116.2325,1.4464999999999998e-05,Ouest
CPV,1989,367803.0,20100242936.05772,9.621351531147504,1.51,17116.2325,1.4464999999999998e-05,Ouest
CPV,1990,375428.0,20100242936.05772,23.89564305130346,2.07,17116.2325,1.4464999999999998e-05,Ouest
CPV,1991,384586.0,20100242936.05772,9.621351531147504,2.44,17116.2325,1.4464999999999998e-05,Ouest
CPV,1992,393415.0,20100242936.05772,9.621351531147504,2.3,17116.2325,1.4464999999999998e-05,Ouest
CPV,1993,401965.0,20100242936.05772,9.621351531147504,2.17,17116.2325,1.4464999999999998e-05,Ouest
CPV,1994,410228.0,20100242936.05772,9.621351531147504,2.06,17116.2325,1.4464999999999998e-05,Ouest
CPV,1995,418104.0,20100242936.05772,9.621351531147504,1.92,17116.2325,1.4464999999999998e-05,Ouest
CPV,1996,425581.0,20100242936.05772,9.621351531147504,1.79,17116.2325,1.4464999999999998e-05,Ouest
CPV,1997,432798.0,20100242936.05772,9.621351531147504,1.7,17116.2325,1.4464999999999998e-05,Ouest
CPV,1998,439784.0,20100242936.05772,9.621351531147504,1.61,17116.2325,1.4464999999999998e-05,Ouest
CPV,1999,446519.0,20100242936.05772,9.621351531147504,1.53,17116.2325,1.4464999999999998e-05,Ouest
CPV,2000,453317.0,20100242936.05772,9.621351531147504,1.52,17116.2325,1.4464999999999998e-05,Ouest
CPV,2001,460293.0,20100242936.05772,9.621351531147504,1.54,17116.2325,1.4464999999999998e-05,Ouest
CPV,2002,467046.0,20100242936.05772,9.621351531147504,1.47,17116.2325,1.4464999999999998e-05,Ouest
CPV,2003,473383.0,20100242936.05772,9.621351531147504,1.36,17116.2325,1.4464999999999998e-05,Ouest
CPV,2004,479370.0,20100242936.05772,28.37602774115438,1.26,17116.2325,1.4464999999999998e-05,Ouest
CPV,2005,485115.0,20100242936.05772,27.273113907606305,1.2,17116.2325,1.4464999999999998e-05,Ouest
CPV,2006,490728.0,20100242936.05772,28.584339165452075,1.16,17116.2325,1.4464999999999998e-05,Ouest
CPV,2007,496190.0,1757738703.4906545,32.60116084556837,1.11,3542.47,1.4464999999999998e-05,Ouest
CPV,2008,501355.0,1786694751.5166194,9.621351531147504,1.04,3563.73,1.4464999999999998e-05,Ouest
CPV,2009,506141.0,1892466431.3597944,9.621351531147504,0.95,3739.01,1.4464999999999998e-05,Ouest
CPV,2010,509784.0,1869055778.3784573,9.621351531147504,0.72,3666.37,1.4464999999999998e-05,Ouest
CPV,2011,511447.0,1910346211.2867613,9.621351531147504,0.33,3735.18,1.4464999999999998e-05,Ouest
CPV,2012,511955.0,1974181747.883345,9.621351531147504,0.1,3856.16,1.4464999999999998e-05,Ouest
CPV,2013,512225.0,2009322618.7427783,9.621351531147504,0.05,3922.73,1.4464999999999998e-05,Ouest
CPV,2014,512326.0,2035708257.0900729,9.621351531147504,0.02,3973.46,1.4464999999999998e-05,Ouest
CPV,2015,512394.0,2097483740.11538,9.621351531147504,0.01,4093.5,1.4464999999999998e-05,Ouest
CPV,2016,512554.0,2267609242.713404,9.621351531147504,0.03,4424.14,1.4464999999999998e-05,Ouest
CPV,2017,512893.0,2574180536.781823,9.621351531147504,0.07,5018.94,1.4464999999999998e-05,Ouest
CPV,2018,513415.0,2684829692.934787,9.621351531147504,0.1,5229.36,1.4464999999999998e-05,Ouest
CPV,2019,514104.0,2793741232.042357,9.621351531147504,0.13,5434.19,1.4464999999999998e-05,Ouest
CPV,2020,514679.0,2408792252.432162,9.621351531147504,0.11,4680.18,1.4464999999999998e-05,Ouest
CPV,2021,516649.0,2651459942.183753,9.621351531147504,0.38,5132.03,1.4464999999999998e-05,Ouest
CPV,2022,519741.0,3015708698.709192,9.621351531147504,0.6,5802.33,1.4464999999999998e-05,Ouest
CPV,2023,522331.0,3021220509.475951,9.621351531147504,0.5,5784.11,1.4464999999999998e-05,Ouest
CPV,2024,524877.0,3295805629.1305885,9.621351531147504,0.49,6279.2,1.4464999999999998e-05,Ouest
CPV,2025,527326.0,20100242936.05772,9.621351531147504,0.47,17116.2325,1.4464999999999998e-05,Ouest
DJI,1960,86024.0,20100242936.05772,9.621351531147504,0.0,17116.2325,1.4464999999999998e-05,Est
DJI,1961,89390.0,20100242936.05772,9.621351531147504,3.91,17116.2325,1.4464999999999998e-05,Est
DJI,1962,93283.0,20100242936.05772,9.621351531147504,4.36,17116.2325,1.4464999999999998e-05,Est
DJI,1963,97872.0,20100242936.05772,9.621351531147504,4.92,17116.2325,1.4464999999999998e-05,Est
DJI,1964,103198.0,20100242936.05772,9.621351531147504,5.44,17116.2325,1.4464999999999998e-05,Est
DJI,1965,109092.0,20100242936.05772,9.621351531147504,5.71,17116.2325,1.4464999999999998e-05,Est
DJI,1966,115269.0,20100242936.05772,9.621351531147504,5.66,17116.2325,1.4464999999999998e-05,Est
DJI,1967,121649.0,20100242936.05772,9.621351531147504,5.53,17116.2325,1.4464999999999998e-05,Est
DJI,1968,128250.0,20100242936.05772,9.621351531147504,5.43,17116.2325,1.4464999999999998e-05,Est
DJI,1969,136078.0,20100242936.05772,9.621351531147504,6.1,17116.2325,1.4464999999999998e-05,Est
DJI,1970,145175.0,20100242936.05772,9.621351531147504,6.69,17116.2325,1.4464999999999998e-05,Est
DJI,1971,155136.0,20100242936.05772,9.621351531147504,6.86,17116.2325,1.4464999999999998e-05,Est
DJI,1972,166256.0,20100242936.05772,9.621351531147504,7.17,17116.2325,1.4464999999999998e-05,Est
DJI,1973,178449.0,20100242936.05772,9.621351531147504,7.33,17116.2325,1.4464999999999998e-05,Est
DJI,1974,192613.0,20100242936.05772,9.621351531147504,7.94,17116.2325,1.4464999999999998e-05,Est
DJI,1975,209908.0,20100242936.05772,9.621351531147504,8.98,17116.2325,1.4464999999999998e-05,Est
DJI,1976,230737.0,20100242936.05772,9.621351531147504,9.92,17116.2325,1.4464999999999998e-05,Est
DJI,1977,254613.0,20100242936.05772,9.621351531147504,10.35,17116.2325,1.4464999999999998e-05,Est
DJI,1978,280031.0,20100242936.05772,9.621351531147504,9.98,17116.2325,1.4464999999999998e-05,Est
DJI,1979,304513.0,20100242936.05772,9.621351531147504,8.74,17116.2325,1.4464999999999998e-05,Est
DJI,1980,325815.0,20100242936.05772,9.621351531147504,7.0,17116.2325,1.4464999999999998e-05,Est
DJI,1981,343047.0,20100242936.05772,9.621351531147504,5.29,17116.2325,1.4464999999999998e-05,Est
DJI,1982,356880.0,20100242936.05772,9.621351531147504,4.03,17116.2325,1.4464999999999998e-05,Est
DJI,1983,369553.0,20100242936.05772,9.621351531147504,3.55,17116.2325,1.4464999999999998e-05,Est
DJI,1984,384053.0,20100242936.05772,9.621351531147504,3.92,17116.2325,1.4464999999999998e-05,Est
DJI,1985,402687.0,20100242936.05772,9.621351531147504,4.85,17116.2325,1.4464999999999998e-05,Est
DJI,1986,426341.0,20100242936.05772,9.621351531147504,5.87,17116.2325,1.4464999999999998e-05,Est
DJI,1987,454399.0,20100242936.05772,9.621351531147504,6.58,17116.2325,1.4464999999999998e-05,Est
DJI,1988,484523.0,20100242936.05772,9.621351531147504,6.63,17116.2325,1.4464999999999998e-05,Est
DJI,1989,523355.0,20100242936.05772,9.621351531147504,8.01,17116.2325,1.4464999999999998e-05,Est
DJI,1990,579538.0,20100242936.05772,9.621351531147504,10.74,17116.2325,1.4464999999999998e-05,Est
DJI,1991,631092.0,20100242936.05772,9.621351531147504,8.9,17116.2325,1.4464999999999998e-05,Est
DJI,1992,626010.0,20100242936.05772,9.621351531147504,-0.81,17116.2325,1.4464999999999998e-05,Est
DJI,1993,614245.0,20100242936.05772,9.621351531147504,-1.88,17116.2325,1.4464999999999998e-05,Est
DJI,1994,626710.0,20100242936.05772,9.621351531147504,2.03,17116.2325,1.4464999999999998e-05,Est
DJI,1995,633074.0,20100242936.05772,9.621351531147504,1.02,17116.2325,1.4464999999999998e-05,Est
DJI,1996,648348.0,20100242936.05772,9.621351531147504,2.41,17116.2325,1.4464999999999998e-05,Est
DJI,1997,671817.0,20100242936.05772,9.621351531147504,3.62,17116.2325,1.432e-05,Est
DJI,1998,699352.0,20100242936.05772,9.621351531147504,4.1,17116.2325,1.376e-05,Est
DJI,1999,724218.0,20100242936.05772,9.621351531147504,3.56,17116.2325,1.329e-05,Est
DJI,2000,747318.0,20100242936.05772,9.621351531147504,3.19,17116.2325,1.287e-05,Est
DJI,2001,771313.0,20100242936.05772,9.621351531147504,3.21,17116.2325,1.247e-05,Est
DJI,2002,795574.0,20100242936.05772,9.621351531147504,3.15,17116.2325,1.209e-05,Est
DJI,2003,813519.0,20100242936.05772,9.621351531147504,2.26,17116.2325,1.183e-05,Est
DJI,2004,826124.0,20100242936.05772,9.621351531147504,1.55,17116.2325,1.165e-05,Est
DJI,2005,839167.0,20100242936.05772,9.621351531147504,1.58,17116.2325,1.147e-05,Est
DJI,2006,855764.0,20100242936.05772,9.621351531147504,1.98,17116.2325,1.124e-05,Est
DJI,2007,874528.0,20100242936.05772,9.621351531147504,2.19,17116.2325,1.1e-05,Est
DJI,2008,892734.0,20100242936.05772,9.621351531147504,2.08,17116.2325,1.078e-05,Est
DJI,2009,911527.0,20100242936.05772,9.621351531147504,2.11,17116.2325,1.056e-05,Est
DJI,2010,930251.0,20100242936.05772,9.621351531147504,2.05,17116.2325,1.034e-05,Est
DJI,2011,948558.0,20100242936.05772,9.621351531147504,1.97,17116.2325,1.014e-05,Est
DJI,2012,966747.0,20100242936.05772,9.621351531147504,1.92,17116.2325,9.95e-06,Est
DJI,2013,984824.0,2449687292.906467,9.621351531147504,1.87,2487.44,9.77e-06,Est
DJI,2014,1002717.0,2678241311.827373,9.621351531147504,1.82,2670.98,9.6e-06,Est
DJI,2015,1020313.0,2959510562.293663,9.621351531147504,1.75,2900.59,9.43e-06,Est
DJI,2016,1037653.0,3294306446.437792,9.621351531147504,1.7,3174.77,9.27e-06,Est
DJI,2017,1054841.0,3643289471.508938,9.621351531147504,1.66,3453.88,9.12e-06,Est
DJI,2018,1071882.0,3659085028.125666,9.621351531147504,1.62,3413.7,8.98e-06,Est
DJI,2019,1088709.0,3890662350.471298,9.621351531147504,1.57,3573.65,8.84e-06,Est
DJI,2020,1105188.0,4288571937.3423824,9.621351531147504,1.51,3880.4,8.71e-06,Est
DJI,2021,1121248.0,4699913086.934706,9.621351531147504,1.45,4191.68,8.58e-06,Est
DJI,2022,1137096.0,5327517005.805635,9.621351531147504,1.41,4685.2,8.46e-06,Est
DJI,2023,1152944.0,5609595452.957604,9.621351531147504,1.39,4865.45,8.35e-06,Est
DJI,2024,1168722.0,5851322153.5238085,9.621351531147504,1.37,5006.6,8.23e-06,Est
DJI,2025,1184076.0,20100242936.05772,9.621351531147504,1.31,16975.47,8.13e-06,Est
DZA,1960,11424922.0,20100242936.05772,9.621351531147504,0.0,1759.33,8.4e-07,Nord
DZA,1961,11628883.0,20100242936.05772,9.621351531147504,1.79,1728.48,8.3e-07,Nord
DZA,1962,11800771.0,20100242936.05772,9.621351531147504,1.48,1703.3,8.2e-07,Nord
DZA,1963,11982118.0,20100242936.05772,9.621351531147504,1.54,1677.52,8e-07,Nord
DZA,1964,12179813.0,20100242936.05772,9.621351531147504,1.65,1650.29,7.9e-07,Nord
DZA,1965,12365976.0,20100242936.05772,9.621351531147504,1.53,1625.45,7.8e-07,Nord
DZA,1966,12590069.0,20100242936.05772,9.621351531147504,1.81,1596.52,7.6e-07,Nord
DZA,1967,12876118.0,20100242936.05772,9.621351531147504,2.27,1561.05,7.5e-07,Nord
DZA,1968,13172614.0,20100242936.05772,9.621351531147504,2.3,1525.91,7.3e-07,Nord
DZA,1969,13475960.0,20100242936.05772,9.621351531147504,2.3,1491.56,7.1e-07,Nord
DZA,1970,13783719.0,20100242936.05772,9.621351531147504,2.28,1458.26,7e-07,Nord
DZA,1971,14098936.0,20100242936.05772,9.621351531147504,2.29,1425.66,6.8e-07,Nord
DZA,1972,14427072.0,20100242936.05772,9.621351531147504,2.33,1393.23,6.7e-07,Nord
DZA,1973,14771147.0,20100242936.05772,9.621351531147504,2.38,1360.78,6.5e-07,Nord
DZA,1974,15133502.0,20100242936.05772,9.621351531147504,2.45,1328.2,6.4e-07,Nord
DZA,1975,15678596.0,20100242936.05772,9.621351531147504,3.6,1282.02,6.1e-07,Nord
DZA,1976,16409170.0,20100242936.05772,9.621351531147504,4.66,1224.94,5.9e-07,Nord
DZA,1977,17015994.0,20100242936.05772,9.621351531147504,3.7,1181.26,5.7e-07,Nord
DZA,1978,17506974.0,20100242936.05772,9.621351531147504,2.89,1148.13,5.5e-07,Nord
DZA,1979,18036655.0,20100242936.05772,9.621351531147504,3.03,1114.41,5.3e-07,Nord
DZA,1980,18607174.0,20100242936.05772,9.621351531147504,3.16,1080.24,5.2e-07,Nord
DZA,1981,19220704.0,20100242936.05772,9.621351531147504,3.3,1045.76,5e-07,Nord
DZA,1982,19872348.0,20100242936.05772,9.621351531147504,3.39,1011.47,4.8e-07,Nord
DZA,1983,20558115.0,20100242936.05772,9.621351531147504,3.45,977.73,4.7e-07,Nord
DZA,1984,21271969.0,20100242936.05772,9.621351531147504,3.47,944.92,4.5e-07,Nord
DZA,1985,22008544.0,20100242936.05772,9.621351531147504,3.46,913.29,4.4e-07,Nord
DZA,1986,22745499.0,20100242936.05772,9.621351531147504,3.35,883.7,4.2e-07,Nord
DZA,1987,23443624.0,20100242936.05772,9.621351531147504,3.07,857.39,4.1e-07,Nord
DZA,1988,24109536.0,20100242936.05772,9.621351531147504,2.84,833.71,4e-07,Nord
DZA,1989,24754485.0,20100242936.05772,9.621351531147504,2.68,811.98,3.9e-07,Nord
DZA,1990,25375810.0,117374576884.69257,13.413273753492664,2.51,4625.45,5.3e-07,Nord
DZA,1991,25987928.0,108725818510.4352,12.52851267861965,2.41,4183.7,4.8e-07,Nord
DZA,1992,26628568.0,113964793723.1062,12.459720655419131,2.47,4279.79,4.7e-07,Nord
DZA,1993,27277048.0,111085618622.87852,12.15460155131064,2.44,4072.49,4.5e-07,Nord
DZA,1994,27887279.0,110457518392.80092,12.496458597413335,2.24,3960.86,4.5e-07,Nord
DZA,1995,28470191.0,112749742686.20834,12.432089322967265,2.09,3960.27,4.4e-07,Nord
DZA,1996,29033044.0,110040805876.26088,13.365987053937417,1.98,3790.19,4.6e-07,Nord
DZA,1997,29579301.0,107666141468.58891,13.186883034133782,1.88,3639.92,4.5e-07,Nord
DZA,1998,30054133.0,109923514340.46825,13.39176571036302,1.61,3657.52,4.5e-07,Nord
DZA,1999,30474354.0,113168578162.65002,12.946628623426095,1.4,3713.57,4.2e-07,Nord
DZA,2000,30903893.0,118671690039.331,13.229688604171278,1.41,3840.02,4.3e-07,Nord
DZA,2001,31331221.0,121519810600.27492,13.59886213035411,1.38,3878.55,4.3e-07,Nord
DZA,2002,31750835.0,126745162456.08676,13.39980567105794,1.34,3991.87,4.2e-07,Nord
DZA,2003,32175818.0,132575439929.06676,13.428050222339706,1.34,4120.34,4.2e-07,Nord
DZA,2004,32628286.0,140397390884.8814,13.860198150471152,1.41,4302.93,4.2e-07,Nord
DZA,2005,33109249.0,146855670865.58594,14.028514736274152,1.47,4435.49,4.2e-07,Nord
DZA,2006,33623506.0,151995619345.8816,13.48070189963581,1.55,4520.52,4e-07,Nord
DZA,2007,34189416.0,160963360887.28897,13.097498036922222,1.68,4707.99,3.8e-07,Nord
DZA,2008,34816961.0,170943089262.3009,13.268333116159464,1.84,4909.76,3.8e-07,Nord
DZA,2009,35490445.0,182738162421.3996,12.293518994934889,1.93,5148.94,3.5e-07,Nord
DZA,2010,36188236.0,192971499516.99808,12.593112067896774,1.97,5332.44,3.5e-07,Nord
DZA,2011,36903376.0,203391960490.9158,12.469013282583608,1.98,5511.47,3.4e-07,Nord
DZA,2012,37646166.0,217832789685.77045,11.67548893002805,2.01,5786.32,3.1e-07,Nord
DZA,2013,38414171.0,231120589856.60284,11.602364151857683,2.04,6016.55,3e-07,Nord
DZA,2014,39205031.0,243601101708.8596,11.099581379232758,2.06,6213.52,2.8e-07,Nord
DZA,2015,40019529.0,253101544675.50443,10.773806464936508,2.08,6324.45,2.7e-07,Nord
DZA,2016,40850721.0,259935286381.7433,11.312472564331957,2.08,6363.05,2.8e-07,Nord
DZA,2017,41689299.0,265913797968.5236,11.17665791531305,2.05,6378.47,2.7e-07,Nord
DZA,2018,42505035.0,272827556715.7051,10.63814993771528,1.96,6418.71,2.5e-07,Nord
DZA,2019,43294546.0,279921073190.3134,10.385443541856697,1.86,6465.5,2.4e-07,Nord
DZA,2020,44042091.0,266484861677.1782,10.332954616483226,1.73,6050.69,2.3e-07,Nord
DZA,2021,44761099.0,270748619464.0131,9.987883592520792,1.63,6048.75,2.2e-07,Nord
DZA,2022,45477389.0,280495569764.71765,9.858020487435295,1.6,6167.8,2.2e-07,Nord
DZA,2023,46164219.0,291715392555.30664,10.08326620216246,1.51,6319.08,2.2e-07,Nord
DZA,2024,46814308.0,303092292864.9632,9.621351531147504,1.41,6474.35,2.1e-07,Nord
DZA,2025,47435312.0,20100242936.05772,9.621351531147504,1.33,423.74,2e-07,Nord
EGY,1960,26896479.0,20100242936.05772,9.621351531147504,0.0,747.32,3.6e-07,Nord
EGY,1961,27600898.0,20100242936.05772,9.621351531147504,2.62,728.25,3.5e-07,Nord
EGY,1962,28337013.0,20100242936.05772,9.621351531147504,2.67,709.33,3.4e-07,Nord
EGY,1963,29091869.0,20100242936.05772,9.621351531147504,2.66,690.92,3.3e-07,Nord
EGY,1964,29858922.0,20100242936.05772,9.621351531147504,2.64,673.17,3.2e-07,Nord
EGY,1965,30629174.0,20100242936.05772,9.621351531147504,2.58,656.25,3.1e-07,Nord
EGY,1966,31406541.0,20100242936.05772,9.621351531147504,2.54,640.0,3.1e-07,Nord
EGY,1967,32196360.0,20100242936.05772,9.621351531147504,2.51,624.3,3e-07,Nord
EGY,1968,32998319.0,20100242936.05772,9.621351531147504,2.49,609.13,2.9e-07,Nord
EGY,1969,33811615.0,20100242936.05772,9.621351531147504,2.46,594.48,2.8e-07,Nord
EGY,1970,34623990.0,20100242936.05772,9.621351531147504,2.4,580.53,2.8e-07,Nord
EGY,1971,35433368.0,20100242936.05772,9.621351531147504,2.34,567.27,2.7e-07,Nord
EGY,1972,36258328.0,20100242936.05772,9.621351531147504,2.33,554.36,2.7e-07,Nord
EGY,1973,37102043.0,20100242936.05772,9.621351531147504,2.33,541.76,2.6e-07,Nord
EGY,1974,37969667.0,20100242936.05772,9.621351531147504,2.34,529.38,2.5e-07,Nord
EGY,1975,38875327.0,20100242936.05772,9.621351531147504,2.39,517.04,2.5e-07,Nord
EGY,1976,39795557.0,20100242936.05772,9.621351531147504,2.37,505.09,2.4e-07,Nord
EGY,1977,40748870.0,20100242936.05772,9.621351531147504,2.4,493.27,2.4e-07,Nord
EGY,1978,41761431.0,20100242936.05772,9.621351531147504,2.48,481.31,2.3e-07,Nord
EGY,1979,42818628.0,20100242936.05772,9.621351531147504,2.53,469.43,2.2e-07,Nord
EGY,1980,43950413.0,20100242936.05772,9.621351531147504,2.64,457.34,2.2e-07,Nord
EGY,1981,45147224.0,20100242936.05772,9.621351531147504,2.72,445.22,2.1e-07,Nord
EGY,1982,46407611.0,20100242936.05772,9.621351531147504,2.79,433.12,2.1e-07,Nord
EGY,1983,47786402.0,20100242936.05772,9.621351531147504,2.97,420.63,2e-07,Nord
EGY,1984,49247334.0,20100242936.05772,9.621351531147504,3.06,408.15,2e-07,Nord
EGY,1985,50734968.0,20100242936.05772,9.621351531147504,3.02,396.18,1.9e-07,Nord
EGY,1986,52206295.0,20100242936.05772,9.621351531147504,2.9,385.02,1.8e-07,Nord
EGY,1987,53674435.0,20100242936.05772,9.621351531147504,2.81,374.48,1.8e-07,Nord
EGY,1988,55187681.0,20100242936.05772,9.621351531147504,2.82,364.22,1.7e-07,Nord
EGY,1989,56710642.0,20100242936.05772,9.621351531147504,2.76,354.44,1.7e-07,Nord
EGY,1990,58396618.0,364844073754.1568,13.909372018070242,2.97,6247.69,2.4e-07,Nord
EGY,1991,60028997.0,379468007440.1962,14.062951013785243,2.8,6321.41,2.3e-07,Nord
EGY,1992,61480660.0,391935620803.19385,14.34238290776033,2.42,6374.94,2.3e-07,Nord
EGY,1993,62915681.0,403713092183.1892,14.232632855745637,2.33,6416.73,2.3e-07,Nord
EGY,1994,64285589.0,420737068112.695,15.35131840066143,2.18,6544.81,2.4e-07,Nord
EGY,1995,65652622.0,434741975574.1403,15.102705450880922,2.13,6621.85,2.3e-07,Nord
EGY,1996,67028048.0,452084156645.5131,14.9609800625841,2.1,6744.7,2.2e-07,Nord
EGY,1997,68431740.0,471098855089.3358,15.177343515806546,2.09,6884.22,2.2e-07,Nord
EGY,1998,69943294.0,489776567905.1666,15.011246624447002,2.21,7002.48,2.1e-07,Nord
EGY,1999,71520954.0,511828003681.4172,15.585430825007476,2.26,7156.34,2.2e-07,Nord
EGY,2000,73083284.0,537424293306.5012,17.515273388263825,2.18,7353.59,2.4e-07,Nord
EGY,2001,74652029.0,558823343329.433,15.9555453384458,2.15,7485.71,2.1e-07,Nord
EGY,2002,76239137.0,570003972249.6266,15.935724944031715,2.13,7476.53,2.1e-07,Nord
EGY,2003,77853548.0,583259878581.0122,15.82972306178207,2.12,7491.76,2e-07,Nord
EGY,2004,79477443.0,595496099809.9849,15.100703923715974,2.09,7492.64,1.9e-07,Nord
EGY,2005,81101004.0,624251219698.0715,13.740403430652412,2.04,7697.21,1.7e-07,Nord
EGY,2006,82700403.0,664426812733.1959,13.903518619562666,1.97,8034.14,1.7e-07,Nord
EGY,2007,84276225.0,710516579362.3252,13.953367416476906,1.91,8430.81,1.7e-07,Nord
EGY,2008,85864789.0,751234239418.5112,14.423070507921146,1.88,8749.04,1.7e-07,Nord
EGY,2009,87501636.0,793796712551.6763,14.758306125231156,1.91,9071.79,1.7e-07,Nord
EGY,2010,89196072.0,826476258486.7396,15.663933816885086,1.94,9265.84,1.8e-07,Nord
EGY,2011,91093059.0,872201268323.2996,15.211184130424831,2.13,9574.84,1.7e-07,Nord
EGY,2012,93161001.0,928731611896.4517,15.096038229905306,2.27,9969.1,1.6e-07,Nord
EGY,2013,95333553.0,959719105938.4204,15.824325854143856,2.33,10066.96,1.7e-07,Nord
EGY,2014,97528654.0,1001906071219.5052,15.77426257920212,2.3,10272.94,1.6e-07,Nord
EGY,2015,99597342.0,1032756148436.4542,16.5584957547961,2.12,10369.31,1.7e-07,Nord
EGY,2016,101644589.0,1080783328780.8826,15.731850390015524,2.06,10632.96,1.5e-07,Nord
EGY,2017,103696057.0,1126062172624.9128,15.62425123447619,2.02,10859.26,1.5e-07,Nord
EGY,2018,105682094.0,1160329984540.7205,16.637555815775805,1.92,10979.44,1.6e-07,Nord
EGY,2019,107553158.0,1178338813356.051,17.78748862680675,1.77,10955.87,1.7e-07,Nord
EGY,2020,109315124.0,1265101996717.3523,19.01155691101461,1.64,11572.98,1.7e-07,Nord
EGY,2021,110957008.0,1343557313630.8591,18.16113040190463,1.5,12108.81,1.6e-07,Nord
EGY,2022,112618250.0,1380810544611.797,18.128089217291297,1.5,12260.98,1.6e-07,Nord
EGY,2023,114535772.0,1430149669731.701,17.978757257867393,1.7,12486.49,1.6e-07,Nord
EGY,2024,116538258.0,1544873630971.0938,9.621351531147504,1.75,13256.36,8e-08,Nord
EGY,2025,118365995.0,20100242936.05772,9.621351531147504,1.57,169.81,8e-08,Nord
ERI,1960,972547.0,20100242936.05772,9.621351531147504,0.0,17116.2325,9.89e-06,Est
ERI,1961,995573.0,20100242936.05772,9.621351531147504,2.37,17116.2325,9.66e-06,Est
ERI,1962,1019788.0,20100242936.05772,9.621351531147504,2.43,17116.2325,9.43e-06,Est
ERI,1963,1045092.0,20100242936.05772,9.621351531147504,2.48,17116.2325,9.21e-06,Est
ERI,1964,1071287.0,20100242936.05772,9.621351531147504,2.51,17116.2325,8.98e-06,Est
ERI,1965,1098335.0,20100242936.05772,9.621351531147504,2.52,17116.2325,8.76e-06,Est
ERI,1966,1124957.0,20100242936.05772,9.621351531147504,2.42,17116.2325,8.55e-06,Est
ERI,1967,1152339.0,20100242936.05772,9.621351531147504,2.43,17116.2325,8.35e-06,Est
ERI,1968,1181737.0,20100242936.05772,9.621351531147504,2.55,17009.07,8.14e-06,Est
ERI,1969,1212005.0,20100242936.05772,9.621351531147504,2.56,16584.29,7.94e-06,Est
ERI,1970,1243453.0,20100242936.05772,9.621351531147504,2.59,16164.86,7.74e-06,Est
ERI,1971,1276154.0,20100242936.05772,9.621351531147504,2.63,15750.64,7.54e-06,Est
ERI,1972,1309235.0,20100242936.05772,9.621351531147504,2.59,15352.66,7.35e-06,Est
ERI,1973,1342669.0,20100242936.05772,9.621351531147504,2.55,14970.36,7.17e-06,Est
ERI,1974,1375688.0,20100242936.05772,9.621351531147504,2.46,14611.05,6.99e-06,Est
ERI,1975,1408210.0,20100242936.05772,9.621351531147504,2.36,14273.61,6.83e-06,Est
ERI,1976,1443807.0,20100242936.05772,9.621351531147504,2.53,13921.7,6.66e-06,Est
ERI,1977,1482565.0,20100242936.05772,9.621351531147504,2.68,13557.75,6.49e-06,Est
ERI,1978,1522378.0,20100242936.05772,9.621351531147504,2.69,13203.19,6.32e-06,Est
ERI,1979,1563332.0,20100242936.05772,9.621351531147504,2.69,12857.31,6.15e-06,Est
ERI,1980,1605797.0,20100242936.05772,9.621351531147504,2.72,12517.3,5.99e-06,Est
ERI,1981,1649939.0,20100242936.05772,9.621351531147504,2.75,12182.42,5.83e-06,Est
ERI,1982,1695461.0,20100242936.05772,9.621351531147504,2.76,11855.33,5.67e-06,Est
ERI,1983,1736160.0,20100242936.05772,9.621351531147504,2.4,11577.41,5.54e-06,Est
ERI,1984,1771730.0,20100242936.05772,9.621351531147504,2.05,11344.98,5.43e-06,Est
ERI,1985,1807816.0,20100242936.05772,9.621351531147504,2.04,11118.52,5.32e-06,Est
ERI,1986,1845164.0,20100242936.05772,9.621351531147504,2.07,10893.47,5.21e-06,Est
ERI,1987,1888669.0,20100242936.05772,9.621351531147504,2.36,10642.54,5.09e-06,Est
ERI,1988,1938255.0,20100242936.05772,9.621351531147504,2.63,10370.28,4.96e-06,Est
ERI,1989,1987017.0,20100242936.05772,9.621351531147504,2.52,10115.79,4.84e-06,Est
ERI,1990,2032737.0,20100242936.05772,9.621351531147504,2.3,9888.27,4.73e-06,Est
ERI,1991,1919571.0,20100242936.05772,9.621351531147504,-5.57,10471.22,5.01e-06,Est
ERI,1992,1798748.0,20100242936.05772,9.621351531147504,-6.29,11174.57,5.35e-06,Est
ERI,1993,1856006.0,20100242936.05772,9.621351531147504,3.18,10829.84,5.18e-06,Est
ERI,1994,1913915.0,20100242936.05772,9.621351531147504,3.12,10502.16,5.03e-06,Est
ERI,1995,2025267.0,20100242936.05772,9.621351531147504,5.82,9924.74,4.75e-06,Est
ERI,1996,2128464.0,20100242936.05772,9.621351531147504,5.1,9443.54,4.52e-06,Est
ERI,1997,2152135.0,20100242936.05772,9.621351531147504,1.11,9339.68,4.47e-06,Est
ERI,1998,2180419.0,20100242936.05772,9.621351531147504,1.31,9218.52,4.41e-06,Est
ERI,1999,2212780.0,20100242936.05772,9.621351531147504,1.48,9083.71,4.35e-06,Est
ERI,2000,2247031.0,20100242936.05772,9.621351531147504,1.55,8945.25,4.28e-06,Est
ERI,2001,2312079.0,20100242936.05772,9.621351531147504,2.89,8693.58,4.16e-06,Est
ERI,2002,2392978.0,20100242936.05772,9.621351531147504,3.5,8399.68,4.02e-06,Est
ERI,2003,2493903.0,20100242936.05772,9.621351531147504,4.22,8059.75,3.86e-06,Est
ERI,2004,2598284.0,20100242936.05772,9.621351531147504,4.19,7735.97,3.7e-06,Est
ERI,2005,2661215.0,20100242936.05772,9.621351531147504,2.42,7553.03,3.62e-06,Est
ERI,2006,2703502.0,20100242936.05772,9.621351531147504,1.59,7434.89,3.56e-06,Est
ERI,2007,2743222.0,20100242936.05772,9.621351531147504,1.47,7327.24,3.51e-06,Est
ERI,2008,2816327.0,20100242936.05772,9.621351531147504,2.66,7137.04,3.42e-06,Est
ERI,2009,2887885.0,20100242936.05772,9.621351531147504,2.54,6960.2,3.33e-06,Est
ERI,2010,2945186.0,20100242936.05772,9.621351531147504,1.98,6824.78,3.27e-06,Est
ERI,2011,2998485.0,20100242936.05772,9.621351531147504,1.81,6703.47,3.21e-06,Est
ERI,2012,3036988.0,20100242936.05772,9.621351531147504,1.28,6618.48,3.17e-06,Est
ERI,2013,3074360.0,20100242936.05772,9.621351531147504,1.23,6538.03,3.13e-06,Est
ERI,2014,3095173.0,20100242936.05772,9.621351531147504,0.68,6494.06,3.11e-06,Est
ERI,2015,3105546.0,20100242936.05772,9.621351531147504,0.34,6472.37,3.1e-06,Est
ERI,2016,3124698.0,20100242936.05772,9.621351531147504,0.62,6432.7,3.08e-06,Est
ERI,2017,3150347.0,20100242936.05772,9.621351531147504,0.82,6380.33,3.05e-06,Est
ERI,2018,3192760.0,20100242936.05772,9.621351531147504,1.35,6295.57,3.01e-06,Est
ERI,2019,3240194.0,20100242936.05772,9.621351531147504,1.49,6203.41,2.97e-06,Est
ERI,2020,3291271.0,20100242936.05772,9.621351531147504,1.58,6107.14,2.92e-06,Est
ERI,2021,3350183.0,20100242936.05772,9.621351531147504,1.79,5999.74,2.87e-06,Est
ERI,2022,3409447.0,20100242936.05772,9.621351531147504,1.77,5895.46,2.82e-06,Est
ERI,2023,3470390.0,20100242936.05772,9.621351531147504,1.79,5791.93,2.77e-06,Est
ERI,2024,3535603.0,20100242936.05772,9.621351531147504,1.88,5685.1,2.72e-06,Est
ERI,2025,3607003.0,20100242936.05772,9.621351531147504,2.02,5572.56,2.67e-06,Est
ETH,1960,21376693.0,20100242936.05772,9.621351531147504,0.0,940.29,4.5e-07,Est
ETH,1961,21906102.0,20100242936.05772,9.621351531147504,2.48,917.56,4.4e-07,Est
ETH,1962,22465126.0,20100242936.05772,9.621351531147504,2.55,894.73,4.3e-07,Est
ETH,1963,23051637.0,20100242936.05772,9.621351531147504,2.61,871.97,4.2e-07,Est
ETH,1964,23666548.0,20100242936.05772,9.621351531147504,2.67,849.31,4.1e-07,Est
ETH,1965,24310612.0,20100242936.05772,9.621351531147504,2.72,826.81,4e-07,Est
ETH,1966,24952689.0,20100242936.05772,9.621351531147504,2.64,805.53,3.9e-07,Est
ETH,1967,25620276.0,20100242936.05772,9.621351531147504,2.68,784.54,3.8e-07,Est
ETH,1968,26337930.0,20100242936.05772,9.621351531147504,2.8,763.17,3.7e-07,Est
ETH,1969,27072571.0,20100242936.05772,9.621351531147504,2.79,742.46,3.6e-07,Est
ETH,1970,27829128.0,20100242936.05772,9.621351531147504,2.79,722.27,3.5e-07,Est
ETH,1971,28600106.0,20100242936.05772,9.621351531147504,2.77,702.8,3.4e-07,Est
ETH,1972,29374608.0,20100242936.05772,9.621351531147504,2.71,684.27,3.3e-07,Est
ETH,1973,30166785.0,20100242936.05772,9.621351531147504,2.7,666.3,3.2e-07,Est
ETH,1974,30957273.0,20100242936.05772,9.621351531147504,2.62,649.29,3.1e-07,Est
ETH,1975,31723252.0,20100242936.05772,9.621351531147504,2.47,633.61,3e-07,Est
ETH,1976,32534418.0,20100242936.05772,9.621351531147504,2.56,617.81,3e-07,Est
ETH,1977,33167272.0,20100242936.05772,9.621351531147504,1.95,606.03,2.9e-07,Est
ETH,1978,33734592.0,20100242936.05772,9.621351531147504,1.71,595.83,2.9e-07,Est
ETH,1979,34238652.0,20100242936.05772,9.621351531147504,1.49,587.06,2.8e-07,Est
ETH,1980,34428514.0,20100242936.05772,9.621351531147504,0.55,583.83,2.8e-07,Est
ETH,1981,35304012.0,20100242936.05772,9.621351531147504,2.54,569.35,2.7e-07,Est
ETH,1982,36701290.0,20100242936.05772,9.621351531147504,3.96,547.67,2.6e-07,Est
ETH,1983,37740817.0,20100242936.05772,9.621351531147504,2.83,532.59,2.5e-07,Est
ETH,1984,38735722.0,20100242936.05772,9.621351531147504,2.64,518.91,2.5e-07,Est
ETH,1985,39842136.0,20100242936.05772,9.621351531147504,2.86,504.5,2.4e-07,Est
ETH,1986,41037656.0,20100242936.05772,9.621351531147504,3.0,489.8,2.3e-07,Est
ETH,1987,42460039.0,20100242936.05772,9.621351531147504,3.47,473.39,2.3e-07,Est
ETH,1988,44150825.0,20100242936.05772,9.621351531147504,3.98,455.26,2.2e-07,Est
ETH,1989,45879690.0,20100242936.05772,9.621351531147504,3.92,438.11,2.1e-07,Est
ETH,1990,47609755.0,20100242936.05772,2.37434274653709,3.77,422.19,5e-08,Est
ETH,1991,49717198.0,20100242936.05772,2.11914870523744,4.43,404.29,4e-08,Est
ETH,1992,51853747.0,20100242936.05772,1.88722724429108,4.3,387.63,4e-08,Est
ETH,1993,53708891.0,20100242936.05772,2.0503139898668405,3.58,374.24,4e-08,Est
ETH,1994,55611508.0,20100242936.05772,2.0371386540039125,3.54,361.44,4e-08,Est
ETH,1995,57537335.0,20100242936.05772,2.0835610206210067,3.46,349.34,4e-08,Est
ETH,1996,59467635.0,20100242936.05772,2.263142361441691,3.35,338.0,4e-08,Est
ETH,1997,61404539.0,20100242936.05772,2.268380288253054,3.26,327.34,4e-08,Est
ETH,1998,63363524.0,20100242936.05772,2.121913124002635,3.19,317.22,3e-08,Est
ETH,1999,65374561.0,20100242936.05772,2.168512962921879,3.17,307.46,3e-08,Est
ETH,2000,67411494.0,20100242936.05772,2.22844564620772,3.12,298.17,3e-08,Est
ETH,2001,69487762.0,20100242936.05772,2.319833493534732,3.08,289.26,3e-08,Est
ETH,2002,71635517.0,20100242936.05772,2.2856974993640087,3.09,280.59,3e-08,Est
ETH,2003,73832663.0,20100242936.05772,2.1645937781388955,3.07,272.24,3e-08,Est
ETH,2004,76077206.0,20100242936.05772,2.384907424991685,3.04,264.21,3e-08,Est
ETH,2005,78367470.0,20100242936.05772,2.605756615299927,3.01,256.49,3e-08,Est
ETH,2006,80703490.0,20100242936.05772,2.7994534301858365,2.98,249.06,3e-08,Est
ETH,2007,83103217.0,20100242936.05772,3.016632751620168,2.97,241.87,4e-08,Est
ETH,2008,85543668.0,20100242936.05772,3.2381333233829444,2.94,234.97,4e-08,Est
ETH,2009,88007636.0,20100242936.05772,3.4264239761249704,2.88,228.39,4e-08,Est
ETH,2010,90538514.0,20100242936.05772,3.75049596664638,2.88,222.01,4e-08,Est
ETH,2011,93149970.0,113121141938.9526,4.019533098345996,2.88,1214.4,4e-08,Est
ETH,2012,95798767.0,116986537358.01396,4.242327162766753,2.84,1221.17,4e-08,Est
ETH,2013,98438751.0,128496533305.6813,4.514643660554632,2.76,1305.35,5e-08,Est
ETH,2014,101115610.0,136882221124.8782,4.794361228429182,2.72,1353.72,5e-08,Est
ETH,2015,103867135.0,150484540094.12735,5.154286380117549,2.72,1448.82,5e-08,Est
ETH,2016,106718162.0,156228102350.44067,5.439595714269146,2.74,1463.93,5e-08,Est
ETH,2017,109666481.0,169742475000.09714,5.822787008636373,2.76,1547.81,5e-08,Est
ETH,2018,112664152.0,174355108114.3928,6.013117637372567,2.73,1547.57,5e-08,Est
ETH,2019,115737383.0,198149166192.1146,6.3184800275165545,2.73,1712.06,5e-08,Est
ETH,2020,118917671.0,214605848609.48026,6.630032268202058,2.75,1804.66,6e-08,Est
ETH,2021,122138588.0,233323360865.8545,6.951685614103421,2.71,1910.32,6e-08,Est
ETH,2022,125384287.0,246542315994.1984,7.013585908282373,2.66,1966.29,6e-08,Est
ETH,2023,128691692.0,264251973394.11844,7.216469516703045,2.64,2053.37,6e-08,Est
ETH,2024,132059767.0,290926327917.0672,9.621351531147504,2.62,2202.99,7e-08,Est
ETH,2025,135472051.0,20100242936.05772,9.621351531147504,2.58,148.37,7e-08,Est
GAB,1960,512316.0,20100242936.05772,9.621351531147504,0.0,17116.2325,1.4464999999999998e-05,Centrale
GAB,1961,518266.0,20100242936.05772,9.621351531147504,1.16,17116.2325,1.4464999999999998e-05,Centrale
GAB,1962,524649.0,20100242936.05772,9.621351531147504,1.23,17116.2325,1.4464999999999998e-05,Centrale
GAB,1963,531452.0,20100242936.05772,9.621351531147504,1.3,17116.2325,1.4464999999999998e-05,Centrale
GAB,1964,538657.0,20100242936.05772,9.621351531147504,1.36,17116.2325,1.4464999999999998e-05,Centrale
GAB,1965,546308.0,20100242936.05772,9.621351531147504,1.42,17116.2325,1.4464999999999998e-05,Centrale
GAB,1966,554463.0,20100242936.05772,9.621351531147504,1.49,17116.2325,1.4464999999999998e-05,Centrale
GAB,1967,563108.0,20100242936.05772,9.621351531147504,1.56,17116.2325,1.4464999999999998e-05,Centrale
GAB,1968,572257.0,20100242936.05772,9.621351531147504,1.62,17116.2325,1.4464999999999998e-05,Centrale
GAB,1969,583276.0,20100242936.05772,9.621351531147504,1.93,17116.2325,1.4464999999999998e-05,Centrale
GAB,1970,595846.0,20100242936.05772,9.621351531147504,2.16,17116.2325,1.4464999999999998e-05,Centrale
GAB,1971,608348.0,20100242936.05772,9.621351531147504,2.1,17116.2325,1.4464999999999998e-05,Centrale
GAB,1972,620960.0,20100242936.05772,9.621351531147504,2.07,17116.2325,1.4464999999999998e-05,Centrale
GAB,1973,633995.0,20100242936.05772,9.621351531147504,2.1,17116.2325,1.4464999999999998e-05,Centrale
GAB,1974,647691.0,20100242936.05772,9.621351531147504,2.16,17116.2325,1.4464999999999998e-05,Centrale
GAB,1975,662197.0,20100242936.05772,9.621351531147504,2.24,17116.2325,1.4464999999999998e-05,Centrale
GAB,1976,677628.0,20100242936.05772,9.621351531147504,2.33,17116.2325,1.42e-05,Centrale
GAB,1977,693984.0,20100242936.05772,9.621351531147504,2.41,17116.2325,1.386e-05,Centrale
GAB,1978,711245.0,20100242936.05772,9.621351531147504,2.49,17116.2325,1.353e-05,Centrale
GAB,1979,729375.0,20100242936.05772,9.621351531147504,2.55,17116.2325,1.319e-05,Centrale
GAB,1980,748389.0,20100242936.05772,9.621351531147504,2.61,17116.2325,1.286e-05,Centrale
GAB,1981,768385.0,20100242936.05772,9.621351531147504,2.67,17116.2325,1.252e-05,Centrale
GAB,1982,789286.0,20100242936.05772,9.621351531147504,2.72,17116.2325,1.219e-05,Centrale
GAB,1983,811005.0,20100242936.05772,9.621351531147504,2.75,17116.2325,1.186e-05,Centrale
GAB,1984,833501.0,20100242936.05772,9.621351531147504,2.77,17116.2325,1.154e-05,Centrale
GAB,1985,856726.0,20100242936.05772,9.621351531147504,2.79,17116.2325,1.123e-05,Centrale
GAB,1986,880705.0,20100242936.05772,9.621351531147504,2.8,17116.2325,1.092e-05,Centrale
GAB,1987,905479.0,20100242936.05772,9.621351531147504,2.81,17116.2325,1.063e-05,Centrale
GAB,1988,931020.0,20100242936.05772,9.621351531147504,2.82,17116.2325,1.033e-05,Centrale
GAB,1989,957138.0,20100242936.05772,9.621351531147504,2.81,17116.2325,1.005e-05,Centrale
GAB,1990,983734.0,6201753980.4038,19.886051948663614,2.78,6304.3,1.4464999999999998e-05,Centrale
GAB,1991,1010818.0,6082151547.028452,20.43486943474469,2.75,6017.06,1.4464999999999998e-05,Centrale
GAB,1992,1038380.0,5939090578.967444,18.52609092324846,2.73,5719.57,1.4464999999999998e-05,Centrale
GAB,1993,1066405.0,5891086273.165583,18.200626982755285,2.7,5524.25,1.4464999999999998e-05,Centrale
GAB,1994,1094720.0,5265531515.9653015,21.29503000461108,2.66,4809.93,1.4464999999999998e-05,Centrale
GAB,1995,1123213.0,5353602196.709034,20.38508330706516,2.6,4766.33,1.4464999999999998e-05,Centrale
GAB,1996,1152015.0,4845788331.764715,20.286372754635785,2.56,4206.36,1.4464999999999998e-05,Centrale
GAB,1997,1181439.0,4810553666.221979,21.18923280684083,2.55,4071.77,1.4464999999999998e-05,Centrale
GAB,1998,1211736.0,5821705750.81823,20.61246274571758,2.56,4804.43,1.4464999999999998e-05,Centrale
GAB,1999,1243016.0,6157300994.442343,19.2844774835546,2.58,4953.52,1.4464999999999998e-05,Centrale
GAB,2000,1275572.0,6432537406.339363,18.83440135614967,2.62,5042.87,1.4464999999999998e-05,Centrale
GAB,2001,1309589.0,6413521388.768629,17.920055545659732,2.67,4897.35,1.368e-05,Centrale
GAB,2002,1345135.0,6551292846.371761,14.806557689041645,2.71,4870.36,1.101e-05,Centrale
GAB,2003,1382350.0,6569741964.168252,12.87681186504357,2.77,4752.59,9.32e-06,Centrale
GAB,2004,1421609.0,6754358810.737479,11.17091335481627,2.84,4751.21,7.86e-06,Centrale
GAB,2005,1463495.0,7092869381.829094,9.82800353539542,2.95,4846.53,6.72e-06,Centrale
GAB,2006,1508337.0,7531151468.243872,8.493359809893862,3.06,4993.02,5.63e-06,Centrale
GAB,2007,1556237.0,7800952845.92255,8.16316469337445,3.18,5012.7,5.25e-06,Centrale
GAB,2008,1607175.0,8057177505.2479315,7.172911780110281,3.27,5013.25,4.46e-06,Centrale
GAB,2009,1661556.0,8461222887.574002,6.564462801011718,3.38,5092.35,3.95e-06,Centrale
GAB,2010,1719879.0,9096582477.969658,6.265690706694771,3.51,5289.08,3.64e-06,Centrale
GAB,2011,1781985.0,9752984716.934256,8.34273143060559,3.61,5473.1,4.68e-06,Centrale
GAB,2012,1846889.0,10359717896.34516,9.94697896735403,3.64,5609.28,5.39e-06,Centrale
GAB,2013,1913059.0,11204138502.326332,7.157200718373514,3.58,5856.66,3.74e-06,Centrale
GAB,2014,1978399.0,11824847775.39842,7.687918476403205,3.42,5976.98,3.89e-06,Centrale
GAB,2015,2040989.0,12309666533.769247,7.898088498010894,3.16,6031.23,3.87e-06,Centrale
GAB,2016,2100306.0,12592788864.224297,8.029824827635748,2.91,5995.69,3.82e-06,Centrale
GAB,2017,2156900.0,12645678577.61992,8.639231876198265,2.69,5862.9,4.01e-06,Centrale
GAB,2018,2212318.0,12595095863.328772,8.377487491060055,2.57,5693.17,3.79e-06,Centrale
GAB,2019,2267706.0,12714184383.646868,8.812414629478607,2.5,5606.63,3.89e-06,Centrale
GAB,2020,2322539.0,12459900696.143633,8.716167115358196,2.42,5364.78,3.75e-06,Centrale
GAB,2021,2376722.0,12281441459.223743,8.791515107599785,2.33,5167.39,3.7e-06,Centrale
GAB,2022,2430747.0,12242429403.378502,8.919036672690785,2.27,5036.49,3.67e-06,Centrale
GAB,2023,2484789.0,12502214311.252562,9.158975263236584,2.22,5031.5,3.69e-06,Centrale
GAB,2024,2538952.0,12935091821.623732,9.621351531147504,2.18,5094.66,3.79e-06,Centrale
GAB,2025,2593130.0,20100242936.05772,9.621351531147504,2.13,7751.34,3.71e-06,Centrale
GHA,1960,6961215.0,20100242936.05772,9.621351531147504,0.0,2887.46,1.38e-06,Ouest
GHA,1961,7162667.0,20100242936.05772,9.621351531147504,2.89,2806.25,1.34e-06,Ouest
GHA,1962,7337375.0,20100242936.05772,9.621351531147504,2.44,2739.43,1.31e-06,Ouest
GHA,1963,7514714.0,20100242936.05772,9.621351531147504,2.42,2674.78,1.28e-06,Ouest
GHA,1964,7695739.0,20100242936.05772,9.621351531147504,2.41,2611.87,1.25e-06,Ouest
GHA,1965,7882606.0,20100242936.05772,9.621351531147504,2.43,2549.95,1.22e-06,Ouest
GHA,1966,8074521.0,20100242936.05772,9.621351531147504,2.43,2489.34,1.19e-06,Ouest
GHA,1967,8271913.0,20100242936.05772,9.621351531147504,2.44,2429.94,1.16e-06,Ouest
GHA,1968,8475729.0,20100242936.05772,9.621351531147504,2.46,2371.51,1.14e-06,Ouest
GHA,1969,8690383.0,20100242936.05772,9.621351531147504,2.53,2312.93,1.11e-06,Ouest
GHA,1970,8925813.0,20100242936.05772,9.621351531147504,2.71,2251.92,1.08e-06,Ouest
GHA,1971,9176264.0,20100242936.05772,9.621351531147504,2.81,2190.46,1.05e-06,Ouest
GHA,1972,9438187.0,20100242936.05772,9.621351531147504,2.85,2129.67,1.02e-06,Ouest
GHA,1973,9714617.0,20100242936.05772,9.621351531147504,2.93,2069.07,9.9e-07,Ouest
GHA,1974,10000523.0,20100242936.05772,9.621351531147504,2.94,2009.92,9.6e-07,Ouest
GHA,1975,10294308.0,20100242936.05772,9.621351531147504,2.94,1952.56,9.3e-07,Ouest
GHA,1976,10594913.0,20100242936.05772,9.621351531147504,2.92,1897.16,9.1e-07,Ouest
GHA,1977,10911871.0,20100242936.05772,9.621351531147504,2.99,1842.05,8.8e-07,Ouest
GHA,1978,11248450.0,20100242936.05772,9.621351531147504,3.08,1786.93,8.6e-07,Ouest
GHA,1979,11597255.0,20100242936.05772,9.621351531147504,3.1,1733.19,8.3e-07,Ouest
GHA,1980,11941448.0,20100242936.05772,9.621351531147504,2.97,1683.23,8.1e-07,Ouest
GHA,1981,12281712.0,20100242936.05772,9.621351531147504,2.85,1636.6,7.8e-07,Ouest
GHA,1982,12643819.0,20100242936.05772,9.621351531147504,2.95,1589.73,7.6e-07,Ouest
GHA,1983,13029836.0,20100242936.05772,9.621351531147504,3.05,1542.63,7.4e-07,Ouest
GHA,1984,13370590.0,20100242936.05772,9.621351531147504,2.62,1503.32,7.2e-07,Ouest
GHA,1985,13661229.0,20100242936.05772,9.621351531147504,2.17,1471.33,7e-07,Ouest
GHA,1986,13965217.0,20100242936.05772,9.621351531147504,2.23,1439.31,6.9e-07,Ouest
GHA,1987,14289108.0,20100242936.05772,9.621351531147504,2.32,1406.68,6.7e-07,Ouest
GHA,1988,14636568.0,20100242936.05772,9.621351531147504,2.43,1373.29,6.6e-07,Ouest
GHA,1989,15006813.0,20100242936.05772,9.621351531147504,2.53,1339.41,6.4e-07,Ouest
GHA,1990,15394648.0,20100242936.05772,8.104088759242845,2.58,1305.66,5.3e-07,Ouest
GHA,1991,15787496.0,20100242936.05772,8.245309198844767,2.55,1273.17,5.2e-07,Ouest
GHA,1992,16184855.0,20100242936.05772,8.269753656190662,2.52,1241.92,5.1e-07,Ouest
GHA,1993,16589519.0,20100242936.05772,8.275248842696369,2.5,1211.62,5e-07,Ouest
GHA,1994,16993190.0,20100242936.05772,8.215233393960784,2.43,1182.84,4.8e-07,Ouest
GHA,1995,17399017.0,20100242936.05772,8.171654979900492,2.39,1155.25,4.7e-07,Ouest
GHA,1996,17810181.0,20100242936.05772,8.271765211630338,2.36,1128.58,4.6e-07,Ouest
GHA,1997,18238958.0,20100242936.05772,8.234943024746398,2.41,1102.05,4.5e-07,Ouest
GHA,1998,18688036.0,20100242936.05772,8.160461350406678,2.46,1075.57,4.4e-07,Ouest
GHA,1999,19149864.0,20100242936.05772,8.198206858217269,2.47,1049.63,4.3e-07,Ouest
GHA,2000,19637087.0,20100242936.05772,10.329306566316642,2.54,1023.59,5.3e-07,Ouest
GHA,2001,20167069.0,20100242936.05772,10.759501183806517,2.7,996.69,5.3e-07,Ouest
GHA,2002,20729388.0,20100242936.05772,11.276002693371154,2.79,969.65,5.4e-07,Ouest
GHA,2003,21296705.0,20100242936.05772,12.473430659915904,2.74,943.82,5.9e-07,Ouest
GHA,2004,21868298.0,20100242936.05772,13.351112675997769,2.68,919.15,6.1e-07,Ouest
GHA,2005,22449438.0,20100242936.05772,14.20924813581323,2.66,895.36,6.3e-07,Ouest
GHA,2006,23040702.0,56476736301.83655,14.072921760664132,2.63,2451.17,6.1e-07,Ouest
GHA,2007,23642279.0,59886196352.83757,14.915386648146136,2.61,2533.01,6.3e-07,Ouest
GHA,2008,24249946.0,68942155606.32295,15.124718213976752,2.57,2842.98,6.2e-07,Ouest
GHA,2009,24862664.0,70424042063.61115,15.565612023905812,2.53,2832.52,6.3e-07,Ouest
GHA,2010,25474995.0,82611560006.27107,15.183030713789105,2.46,3242.85,6e-07,Ouest
GHA,2011,26095088.0,87510433919.78996,16.53156847452671,2.43,3353.52,6.3e-07,Ouest
GHA,2012,26734268.0,93083579775.24657,16.253837688078942,2.45,3481.81,6.1e-07,Ouest
GHA,2013,27386193.0,111435793466.47469,17.282278099507963,2.44,4069.05,6.3e-07,Ouest
GHA,2014,28041592.0,105896183887.43158,17.48557689917426,2.39,3776.4,6.2e-07,Ouest
GHA,2015,28696068.0,108241138876.12096,17.221426975115357,2.33,3771.99,6e-07,Ouest
GHA,2016,29356742.0,106409727810.90784,17.278290091072922,2.3,3624.71,5.9e-07,Ouest
GHA,2017,30008354.0,113148440903.00754,17.070328559469928,2.22,3770.56,5.7e-07,Ouest
GHA,2018,30637585.0,117453911545.4634,16.46477922237644,2.1,3833.65,5.4e-07,Ouest
GHA,2019,31258945.0,134004788017.42873,17.10800368605124,2.03,4286.93,5.5e-07,Ouest
GHA,2020,31887809.0,136243211836.1304,16.343336095199792,2.01,4272.58,5.1e-07,Ouest
GHA,2021,32518665.0,145900661732.13467,17.28844359255383,1.98,4486.67,5.3e-07,Ouest
GHA,2022,33149152.0,154091108026.87198,18.609362211917578,1.94,4648.42,5.6e-07,Ouest
GHA,2023,33787914.0,169742856441.45035,18.43477109939544,1.93,5023.77,5.5e-07,Ouest
GHA,2024,34427414.0,177337171270.30988,9.621351531147504,1.89,5151.05,2.8e-07,Ouest
GHA,2025,35064272.0,20100242936.05772,9.621351531147504,1.85,573.24,2.7e-07,Ouest
GIN,1960,3556749.0,20100242936.05772,9.621351531147504,0.0,5651.3,2.71e-06,Ouest
GIN,1961,3619551.0,20100242936.05772,9.621351531147504,1.77,5553.24,2.66e-06,Ouest
GIN,1962,3684273.0,20100242936.05772,9.621351531147504,1.79,5455.69,2.61e-06,Ouest
GIN,1963,3750954.0,20100242936.05772,9.621351531147504,1.81,5358.7,2.57e-06,Ouest
GIN,1964,3819722.0,20100242936.05772,9.621351531147504,1.83,5262.23,2.52e-06,Ouest
GIN,1965,3890716.0,20100242936.05772,9.621351531147504,1.86,5166.21,2.47e-06,Ouest
GIN,1966,3964155.0,20100242936.05772,9.621351531147504,1.89,5070.5,2.43e-06,Ouest
GIN,1967,4040153.0,20100242936.05772,9.621351531147504,1.92,4975.12,2.38e-06,Ouest
GIN,1968,4118550.0,20100242936.05772,9.621351531147504,1.94,4880.42,2.34e-06,Ouest
GIN,1969,4198300.0,20100242936.05772,9.621351531147504,1.94,4787.71,2.29e-06,Ouest
GIN,1970,4277535.0,20100242936.05772,9.621351531147504,1.89,4699.02,2.25e-06,Ouest
GIN,1971,4355200.0,20100242936.05772,9.621351531147504,1.82,4615.23,2.21e-06,Ouest
GIN,1972,4431292.0,20100242936.05772,9.621351531147504,1.75,4535.98,2.17e-06,Ouest
GIN,1973,4506324.0,20100242936.05772,9.621351531147504,1.69,4460.45,2.14e-06,Ouest
GIN,1974,4580510.0,20100242936.05772,9.621351531147504,1.65,4388.21,2.1e-06,Ouest
GIN,1975,4653876.0,20100242936.05772,9.621351531147504,1.6,4319.03,2.07e-06,Ouest
GIN,1976,4727022.0,20100242936.05772,9.621351531147504,1.57,4252.2,2.04e-06,Ouest
GIN,1977,4801128.0,20100242936.05772,9.621351531147504,1.57,4186.57,2e-06,Ouest
GIN,1978,4877854.0,20100242936.05772,9.621351531147504,1.6,4120.71,1.97e-06,Ouest
GIN,1979,4959283.0,20100242936.05772,9.621351531147504,1.67,4053.05,1.94e-06,Ouest
GIN,1980,5047419.0,20100242936.05772,9.621351531147504,1.78,3982.28,1.91e-06,Ouest
GIN,1981,5143288.0,20100242936.05772,9.621351531147504,1.9,3908.05,1.87e-06,Ouest
GIN,1982,5247672.0,20100242936.05772,9.621351531147504,2.03,3830.32,1.83e-06,Ouest
GIN,1983,5359814.0,20100242936.05772,9.621351531147504,2.14,3750.18,1.8e-06,Ouest
GIN,1984,5480096.0,20100242936.05772,9.621351531147504,2.24,3667.86,1.76e-06,Ouest
GIN,1985,5610373.0,20100242936.05772,9.621351531147504,2.38,3582.69,1.71e-06,Ouest
GIN,1986,5750668.0,20100242936.05772,9.621351531147504,2.5,3495.29,1.67e-06,Ouest
GIN,1987,5900198.0,20100242936.05772,9.621351531147504,2.6,3406.71,1.63e-06,Ouest
GIN,1988,6056574.0,20100242936.05772,9.621351531147504,2.65,3318.75,1.59e-06,Ouest
GIN,1989,6215811.0,20100242936.05772,9.621351531147504,2.63,3233.73,1.55e-06,Ouest
GIN,1990,6434374.0,20100242936.05772,9.621351531147504,3.52,3123.88,1.5e-06,Ouest
GIN,1991,6697166.0,20100242936.05772,9.621351531147504,4.08,3001.31,1.44e-06,Ouest
GIN,1992,6914366.0,20100242936.05772,9.621351531147504,3.24,2907.03,1.39e-06,Ouest
GIN,1993,7128177.0,20100242936.05772,9.621351531147504,3.09,2819.83,1.35e-06,Ouest
GIN,1994,7345107.0,20100242936.05772,9.621351531147504,3.04,2736.55,1.31e-06,Ouest
GIN,1995,7553249.0,20100242936.05772,9.621351531147504,2.83,2661.14,1.27e-06,Ouest
GIN,1996,7770035.0,20100242936.05772,9.621351531147504,2.87,2586.89,1.24e-06,Ouest
GIN,1997,7931370.0,20100242936.05772,9.621351531147504,2.08,2534.27,1.21e-06,Ouest
GIN,1998,8081990.0,20100242936.05772,9.621351531147504,1.9,2487.04,1.19e-06,Ouest
GIN,1999,8265123.0,20100242936.05772,9.621351531147504,2.27,2431.94,1.16e-06,Ouest
GIN,2000,8428832.0,20100242936.05772,9.621351531147504,1.98,2384.7,1.14e-06,Ouest
GIN,2001,8539960.0,20100242936.05772,9.621351531147504,1.32,2353.67,1.13e-06,Ouest
GIN,2002,8674066.0,20100242936.05772,9.621351531147504,1.57,2317.28,1.11e-06,Ouest
GIN,2003,8870781.0,20100242936.05772,9.621351531147504,2.27,2265.89,1.08e-06,Ouest
GIN,2004,9062726.0,20100242936.05772,9.621351531147504,2.16,2217.9,1.06e-06,Ouest
GIN,2005,9245844.0,20100242936.05772,9.621351531147504,2.02,2173.98,1.04e-06,Ouest
GIN,2006,9441171.0,21612997958.899406,9.621351531147504,2.11,2289.23,1.02e-06,Ouest
GIN,2007,9662281.0,22958848688.50476,9.621351531147504,2.34,2376.13,1e-06,Ouest
GIN,2008,9898870.0,22253395639.932167,9.621351531147504,2.45,2248.07,9.7e-07,Ouest
GIN,2009,10143534.0,22213729331.41545,9.621351531147504,2.47,2189.94,9.5e-07,Ouest
GIN,2010,10396086.0,21748632429.852303,9.621351531147504,2.49,2092.0,9.3e-07,Ouest
GIN,2011,10656810.0,22620757950.94768,9.621351531147504,2.51,2122.66,9e-07,Ouest
GIN,2012,10921581.0,24428454829.9602,9.621351531147504,2.48,2236.71,8.8e-07,Ouest
GIN,2013,11191873.0,26696578198.31459,9.621351531147504,2.47,2385.35,8.6e-07,Ouest
GIN,2014,11472924.0,26192116690.75438,9.621351531147504,2.51,2282.95,8.4e-07,Ouest
GIN,2015,11767070.0,28025517965.922844,9.621351531147504,2.56,2381.69,8.2e-07,Ouest
GIN,2016,12073030.0,29963760829.144875,9.621351531147504,2.6,2481.88,8e-07,Ouest
GIN,2017,12385659.0,30259880120.89181,9.621351531147504,2.59,2443.14,7.8e-07,Ouest
GIN,2018,12704774.0,31321831793.09308,9.621351531147504,2.58,2465.36,7.6e-07,Ouest
GIN,2019,13034346.0,32891170566.78712,9.621351531147504,2.59,2523.42,7.4e-07,Ouest
GIN,2020,13371183.0,33733520229.71761,9.621351531147504,2.58,2522.85,7.2e-07,Ouest
GIN,2021,13710513.0,34229101986.07367,9.621351531147504,2.54,2496.56,7e-07,Ouest
GIN,2022,14055137.0,35566784043.92145,9.621351531147504,2.51,2530.52,6.8e-07,Ouest
GIN,2023,14405468.0,36975228692.036064,9.621351531147504,2.49,2566.75,6.7e-07,Ouest
GIN,2024,14754785.0,38565163525.81614,9.621351531147504,2.42,2613.74,6.5e-07,Ouest
GIN,2025,15099727.0,20100242936.05772,9.621351531147504,2.34,1331.17,6.4e-07,Ouest
GMB,1960,398060.0,20100242936.05772,9.621351531147504,0.0,17116.2325,1.4464999999999998e-05,Ouest
GMB,1961,408930.0,20100242936.05772,9.621351531147504,2.73,17116.2325,1.4464999999999998e-05,Ouest
GMB,1962,420163.0,20100242936.05772,9.621351531147504,2.75,17116.2325,1.4464999999999998e-05,Ouest
GMB,1963,431757.0,20100242936.05772,9.621351531147504,2.76,17116.2325,1.4464999999999998e-05,Ouest
GMB,1964,443687.0,20100242936.05772,9.621351531147504,2.76,17116.2325,1.4464999999999998e-05,Ouest
GMB,1965,455952.0,20100242936.05772,9.621351531147504,2.76,17116.2325,1.4464999999999998e-05,Ouest
GMB,1966,468516.0,20100242936.05772,9.621351531147504,2.76,17116.2325,1.4464999999999998e-05,Ouest
GMB,1967,481588.0,20100242936.05772,9.621351531147504,2.79,17116.2325,1.4464999999999998e-05,Ouest
GMB,1968,495269.0,20100242936.05772,9.621351531147504,2.84,17116.2325,1.4464999999999998e-05,Ouest
GMB,1969,509440.0,20100242936.05772,9.621351531147504,2.86,17116.2325,1.4464999999999998e-05,Ouest
GMB,1970,524105.0,20100242936.05772,9.621351531147504,2.88,17116.2325,1.4464999999999998e-05,Ouest
GMB,1971,539388.0,20100242936.05772,9.621351531147504,2.92,17116.2325,1.4464999999999998e-05,Ouest
GMB,1972,555370.0,20100242936.05772,9.621351531147504,2.96,17116.2325,1.4464999999999998e-05,Ouest
GMB,1973,571991.0,20100242936.05772,9.621351531147504,2.99,17116.2325,1.4464999999999998e-05,Ouest
GMB,1974,589085.0,20100242936.05772,9.621351531147504,2.99,17116.2325,1.4464999999999998e-05,Ouest
GMB,1975,606821.0,20100242936.05772,9.621351531147504,3.01,17116.2325,1.4464999999999998e-05,Ouest
GMB,1976,625667.0,20100242936.05772,9.621351531147504,3.11,17116.2325,1.4464999999999998e-05,Ouest
GMB,1977,645770.0,20100242936.05772,9.621351531147504,3.21,17116.2325,1.4464999999999998e-05,Ouest
GMB,1978,667103.0,20100242936.05772,9.621351531147504,3.3,17116.2325,1.442e-05,Ouest
GMB,1979,689781.0,20100242936.05772,9.621351531147504,3.4,17116.2325,1.395e-05,Ouest
GMB,1980,713913.0,20100242936.05772,9.621351531147504,3.5,17116.2325,1.348e-05,Ouest
GMB,1981,739125.0,20100242936.05772,9.621351531147504,3.53,17116.2325,1.302e-05,Ouest
GMB,1982,765753.0,20100242936.05772,9.621351531147504,3.6,17116.2325,1.256e-05,Ouest
GMB,1983,794525.0,20100242936.05772,9.621351531147504,3.76,17116.2325,1.211e-05,Ouest
GMB,1984,825631.0,20100242936.05772,9.621351531147504,3.92,17116.2325,1.165e-05,Ouest
GMB,1985,858874.0,20100242936.05772,9.621351531147504,4.03,17116.2325,1.12e-05,Ouest
GMB,1986,894019.0,20100242936.05772,9.621351531147504,4.09,17116.2325,1.076e-05,Ouest
GMB,1987,931091.0,20100242936.05772,9.621351531147504,4.15,17116.2325,1.033e-05,Ouest
GMB,1988,970160.0,20100242936.05772,9.621351531147504,4.2,17116.2325,9.92e-06,Ouest
GMB,1989,1011357.0,20100242936.05772,9.621351531147504,4.25,17116.2325,9.51e-06,Ouest
GMB,1990,1054696.0,20100242936.05772,45.29642716044543,4.29,17116.2325,1.4464999999999998e-05,Ouest
GMB,1991,1099959.0,20100242936.05772,9.621351531147504,4.29,17116.2325,8.75e-06,Ouest
GMB,1992,1145582.0,20100242936.05772,9.621351531147504,4.15,17116.2325,8.4e-06,Ouest
GMB,1993,1188365.0,20100242936.05772,9.621351531147504,3.73,16914.2,8.1e-06,Ouest
GMB,1994,1227226.0,20100242936.05772,9.621351531147504,3.27,16378.6,7.84e-06,Ouest
GMB,1995,1264313.0,20100242936.05772,9.621351531147504,3.02,15898.15,7.61e-06,Ouest
GMB,1996,1301410.0,20100242936.05772,9.621351531147504,2.93,15444.97,7.39e-06,Ouest
GMB,1997,1338889.0,20100242936.05772,9.621351531147504,2.88,15012.63,7.19e-06,Ouest
GMB,1998,1376987.0,20100242936.05772,9.621351531147504,2.85,14597.26,6.99e-06,Ouest
GMB,1999,1415779.0,20100242936.05772,9.621351531147504,2.82,14197.3,6.8e-06,Ouest
GMB,2000,1455084.0,20100242936.05772,9.621351531147504,2.78,13813.8,6.61e-06,Ouest
GMB,2001,1495011.0,20100242936.05772,9.621351531147504,2.74,13444.88,6.44e-06,Ouest
GMB,2002,1535691.0,20100242936.05772,9.621351531147504,2.72,13088.73,6.27e-06,Ouest
GMB,2003,1577611.0,20100242936.05772,9.621351531147504,2.73,12740.94,6.1e-06,Ouest
GMB,2004,1621312.0,3940670507.45833,41.94684716827721,2.77,2430.54,1.4464999999999998e-05,Ouest
GMB,2005,1667037.0,3967050546.763973,40.96037084708816,2.82,2379.7,1.4464999999999998e-05,Ouest
GMB,2006,1715275.0,3820871218.327214,38.58897109116516,2.89,2227.56,1.4464999999999998e-05,Ouest
GMB,2007,1765774.0,4105606296.246864,34.08285408356063,2.94,2325.1,1.4464999999999998e-05,Ouest
GMB,2008,1817852.0,4464036083.210442,9.621351531147504,2.95,2455.67,5.29e-06,Ouest
GMB,2009,1871422.0,4644340061.732666,9.621351531147504,2.95,2481.72,5.14e-06,Ouest
GMB,2010,1926630.0,4959327478.904812,9.621351531147504,2.95,2574.09,4.99e-06,Ouest
GMB,2011,1983784.0,4240774395.620223,9.621351531147504,2.97,2137.72,4.85e-06,Ouest
GMB,2012,2043094.0,4437996365.630189,9.621351531147504,2.99,2172.19,4.71e-06,Ouest
GMB,2013,2103820.0,4606223103.169202,9.621351531147504,2.97,2189.46,4.57e-06,Ouest
GMB,2014,2164528.0,4629261366.45369,9.621351531147504,2.89,2138.69,4.45e-06,Ouest
GMB,2015,2224529.0,4669152456.941863,9.621351531147504,2.77,2098.94,4.33e-06,Ouest
GMB,2016,2283769.0,4695053474.5316105,9.621351531147504,2.66,2055.84,4.21e-06,Ouest
GMB,2017,2342189.0,5142433869.997158,9.621351531147504,2.56,2195.57,4.11e-06,Ouest
GMB,2018,2399632.0,5641129408.2652,9.621351531147504,2.45,2350.83,4.01e-06,Ouest
GMB,2019,2456844.0,5868620928.475389,9.621351531147504,2.38,2388.68,3.92e-06,Ouest
GMB,2020,2515733.0,5795961772.001656,9.621351531147504,2.4,2303.89,3.82e-06,Ouest
GMB,2021,2576010.0,6215843394.787074,9.621351531147504,2.4,2412.97,3.73e-06,Ouest
GMB,2022,2636470.0,6377629286.216461,9.621351531147504,2.35,2419.0,3.65e-06,Ouest
GMB,2023,2697845.0,6785709303.516632,9.621351531147504,2.33,2515.23,3.57e-06,Ouest
GMB,2024,2759988.0,6740643411.036701,9.621351531147504,2.3,2442.27,3.49e-06,Ouest
GMB,2025,2822093.0,20100242936.05772,9.621351531147504,2.25,7122.46,3.41e-06,Ouest
GNB,1960,577633.0,20100242936.05772,9.621351531147504,0.0,17116.2325,1.4464999999999998e-05,Ouest
GNB,1961,582532.0,20100242936.05772,9.621351531147504,0.85,17116.2325,1.4464999999999998e-05,Ouest
GNB,1962,589474.0,20100242936.05772,9.621351531147504,1.19,17116.2325,1.4464999999999998e-05,Ouest
GNB,1963,594418.0,20100242936.05772,9.621351531147504,0.84,17116.2325,1.4464999999999998e-05,Ouest
GNB,1964,588543.0,20100242936.05772,9.621351531147504,-0.99,17116.2325,1.4464999999999998e-05,Ouest
GNB,1965,575005.0,20100242936.05772,9.621351531147504,-2.3,17116.2325,1.4464999999999998e-05,Ouest
GNB,1966,566908.0,20100242936.05772,9.621351531147504,-1.41,17116.2325,1.4464999999999998e-05,Ouest
GNB,1967,569011.0,20100242936.05772,9.621351531147504,0.37,17116.2325,1.4464999999999998e-05,Ouest
GNB,1968,578170.0,20100242936.05772,9.621351531147504,1.61,17116.2325,1.4464999999999998e-05,Ouest
GNB,1969,581610.0,20100242936.05772,9.621351531147504,0.59,17116.2325,1.4464999999999998e-05,Ouest
GNB,1970,584403.0,20100242936.05772,9.621351531147504,0.48,17116.2325,1.4464999999999998e-05,Ouest
GNB,1971,586221.0,20100242936.05772,9.621351531147504,0.31,17116.2325,1.4464999999999998e-05,Ouest
GNB,1972,586620.0,20100242936.05772,9.621351531147504,0.07,17116.2325,1.4464999999999998e-05,Ouest
GNB,1973,592808.0,20100242936.05772,9.621351531147504,1.05,17116.2325,1.4464999999999998e-05,Ouest
GNB,1974,613338.0,20100242936.05772,9.621351531147504,3.46,17116.2325,1.4464999999999998e-05,Ouest
GNB,1975,650966.0,20100242936.05772,9.621351531147504,6.13,17116.2325,1.4464999999999998e-05,Ouest
GNB,1976,694191.0,20100242936.05772,9.621351531147504,6.64,17116.2325,1.386e-05,Ouest
GNB,1977,741789.0,20100242936.05772,9.621351531147504,6.86,17116.2325,1.297e-05,Ouest
GNB,1978,791694.0,20100242936.05772,9.621351531147504,6.73,17116.2325,1.215e-05,Ouest
GNB,1979,819867.0,20100242936.05772,9.621351531147504,3.56,17116.2325,1.174e-05,Ouest
GNB,1980,829303.0,20100242936.05772,9.621351531147504,1.15,17116.2325,1.16e-05,Ouest
GNB,1981,842432.0,20100242936.05772,9.621351531147504,1.58,17116.2325,1.142e-05,Ouest
GNB,1982,855891.0,20100242936.05772,9.621351531147504,1.6,17116.2325,1.124e-05,Ouest
GNB,1983,869592.0,20100242936.05772,9.621351531147504,1.6,17116.2325,1.106e-05,Ouest
GNB,1984,883519.0,20100242936.05772,9.621351531147504,1.6,17116.2325,1.089e-05,Ouest
GNB,1985,897697.0,20100242936.05772,9.621351531147504,1.6,17116.2325,1.072e-05,Ouest
GNB,1986,912126.0,20100242936.05772,9.621351531147504,1.61,17116.2325,1.055e-05,Ouest
GNB,1987,926862.0,20100242936.05772,9.621351531147504,1.62,17116.2325,1.038e-05,Ouest
GNB,1988,942061.0,20100242936.05772,9.621351531147504,1.64,17116.2325,1.021e-05,Ouest
GNB,1989,957789.0,20100242936.05772,9.621351531147504,1.67,17116.2325,1.005e-05,Ouest
GNB,1990,973669.0,20100242936.05772,25.673737193821967,1.66,17116.2325,1.4464999999999998e-05,Ouest
GNB,1991,994639.0,20100242936.05772,9.621351531147504,2.15,17116.2325,9.67e-06,Ouest
GNB,1992,1024356.0,20100242936.05772,9.621351531147504,2.99,17116.2325,9.39e-06,Ouest
GNB,1993,1058745.0,20100242936.05772,9.621351531147504,3.36,17116.2325,9.09e-06,Ouest
GNB,1994,1092031.0,20100242936.05772,9.621351531147504,3.14,17116.2325,8.81e-06,Ouest
GNB,1995,1119949.0,20100242936.05772,9.621351531147504,2.56,17116.2325,8.59e-06,Ouest
GNB,1996,1143535.0,20100242936.05772,9.621351531147504,2.11,17116.2325,8.41e-06,Ouest
GNB,1997,1165545.0,1893683067.1596084,9.621351531147504,1.92,1624.72,8.25e-06,Ouest
GNB,1998,1187473.0,1471092859.4349608,9.621351531147504,1.88,1238.84,8.1e-06,Ouest
GNB,1999,1210206.0,1692506750.920833,9.621351531147504,1.91,1398.53,7.95e-06,Ouest
GNB,2000,1234741.0,1609012795.5098183,9.621351531147504,2.03,1303.12,7.79e-06,Ouest
GNB,2001,1261273.0,1731358648.922591,9.621351531147504,2.15,1372.71,7.63e-06,Ouest
GNB,2002,1289307.0,1620149962.476229,9.621351531147504,2.22,1256.61,7.46e-06,Ouest
GNB,2003,1318806.0,1449489220.5380185,9.621351531147504,2.29,1099.09,7.3e-06,Ouest
GNB,2004,1349563.0,1785226728.0503824,31.06465820637268,2.33,1322.82,1.4464999999999998e-05,Ouest
GNB,2005,1381585.0,1778880271.8258543,32.72194099742629,2.37,1287.56,1.4464999999999998e-05,Ouest
GNB,2006,1415303.0,1956543154.425919,32.474657395923224,2.44,1382.42,1.4464999999999998e-05,Ouest
GNB,2007,1450986.0,1911629562.4771,31.55300741580786,2.52,1317.47,1.4464999999999998e-05,Ouest
GNB,2008,1488054.0,2195141169.69818,9.621351531147504,2.55,1475.18,6.47e-06,Ouest
GNB,2009,1526377.0,2001820340.654752,9.621351531147504,2.58,1311.48,6.3e-06,Ouest
GNB,2010,1566347.0,2125055953.712239,9.621351531147504,2.62,1356.7,6.14e-06,Ouest
GNB,2011,1608076.0,2186287194.3576026,9.621351531147504,2.66,1359.57,5.98e-06,Ouest
GNB,2012,1651417.0,2126128343.1886947,9.621351531147504,2.7,1287.46,5.83e-06,Ouest
GNB,2013,1695973.0,2119140822.658208,9.621351531147504,2.7,1249.51,5.67e-06,Ouest
GNB,2014,1741122.0,2105996263.4123373,9.621351531147504,2.66,1209.56,5.53e-06,Ouest
GNB,2015,1786457.0,2390121377.3928075,9.621351531147504,2.6,1337.91,5.39e-06,Ouest
GNB,2016,1831893.0,2513419455.570615,9.621351531147504,2.54,1372.03,5.25e-06,Ouest
GNB,2017,1877072.0,2685860549.249257,9.621351531147504,2.47,1430.88,5.13e-06,Ouest
GNB,2018,1922168.0,2891922263.8000774,9.621351531147504,2.4,1504.51,5.01e-06,Ouest
GNB,2019,1967696.0,3244970991.9268093,9.621351531147504,2.37,1649.12,4.89e-06,Ouest
GNB,2020,2013255.0,3106673925.697168,9.621351531147504,2.32,1543.11,4.78e-06,Ouest
GNB,2021,2058841.0,3387681078.8010883,9.621351531147504,2.26,1645.43,4.67e-06,Ouest
GNB,2022,2105529.0,3694268724.19412,9.621351531147504,2.27,1754.56,4.57e-06,Ouest
GNB,2023,2153339.0,3804412431.374192,9.621351531147504,2.27,1766.75,4.47e-06,Ouest
GNB,2024,2201352.0,3914659115.0061226,9.621351531147504,2.23,1778.3,4.37e-06,Ouest
GNB,2025,2249515.0,20100242936.05772,9.621351531147504,2.19,8935.37,4.28e-06,Ouest
GNQ,1960,269807.0,20100242936.05772,9.621351531147504,0.0,17116.2325,1.4464999999999998e-05,Centrale
GNQ,1961,274896.0,20100242936.05772,9.621351531147504,1.89,17116.2325,1.4464999999999998e-05,Centrale
GNQ,1962,280286.0,20100242936.05772,9.621351531147504,1.96,17116.2325,1.4464999999999998e-05,Centrale
GNQ,1963,285965.0,20100242936.05772,9.621351531147504,2.03,17116.2325,1.4464999999999998e-05,Centrale
GNQ,1964,291942.0,20100242936.05772,9.621351531147504,2.09,17116.2325,1.4464999999999998e-05,Centrale
GNQ,1965,298238.0,20100242936.05772,9.621351531147504,2.16,17116.2325,1.4464999999999998e-05,Centrale
GNQ,1966,304859.0,20100242936.05772,9.621351531147504,2.22,17116.2325,1.4464999999999998e-05,Centrale
GNQ,1967,311805.0,20100242936.05772,9.621351531147504,2.28,17116.2325,1.4464999999999998e-05,Centrale
GNQ,1968,318849.0,20100242936.05772,9.621351531147504,2.26,17116.2325,1.4464999999999998e-05,Centrale
GNQ,1969,322517.0,20100242936.05772,9.621351531147504,1.15,17116.2325,1.4464999999999998e-05,Centrale
GNQ,1970,320803.0,20100242936.05772,9.621351531147504,-0.53,17116.2325,1.4464999999999998e-05,Centrale
GNQ,1971,315940.0,20100242936.05772,9.621351531147504,-1.52,17116.2325,1.4464999999999998e-05,Centrale
GNQ,1972,309468.0,20100242936.05772,9.621351531147504,-2.05,17116.2325,1.4464999999999998e-05,Centrale
GNQ,1973,302281.0,20100242936.05772,9.621351531147504,-2.32,17116.2325,1.4464999999999998e-05,Centrale
GNQ,1974,294953.0,20100242936.05772,9.621351531147504,-2.42,17116.2325,1.4464999999999998e-05,Centrale
GNQ,1975,287901.0,20100242936.05772,9.621351531147504,-2.39,17116.2325,1.4464999999999998e-05,Centrale
GNQ,1976,281031.0,20100242936.05772,9.621351531147504,-2.39,17116.2325,1.4464999999999998e-05,Centrale
GNQ,1977,276779.0,20100242936.05772,9.621351531147504,-1.51,17116.2325,1.4464999999999998e-05,Centrale
GNQ,1978,276531.0,20100242936.05772,9.621351531147504,-0.09,17116.2325,1.4464999999999998e-05,Centrale
GNQ,1979,279846.0,20100242936.05772,9.621351531147504,1.2,17116.2325,1.4464999999999998e-05,Centrale
GNQ,1980,288644.0,20100242936.05772,9.621351531147504,3.14,17116.2325,1.4464999999999998e-05,Centrale
GNQ,1981,303252.0,20100242936.05772,9.621351531147504,5.06,17116.2325,1.4464999999999998e-05,Centrale
GNQ,1982,322216.0,20100242936.05772,9.621351531147504,6.25,17116.2325,1.4464999999999998e-05,Centrale
GNQ,1983,343421.0,20100242936.05772,9.621351531147504,6.58,17116.2325,1.4464999999999998e-05,Centrale
GNQ,1984,364899.0,20100242936.05772,9.621351531147504,6.25,17116.2325,1.4464999999999998e-05,Centrale
GNQ,1985,385547.0,20100242936.05772,9.621351531147504,5.66,17116.2325,1.4464999999999998e-05,Centrale
GNQ,1986,404728.0,20100242936.05772,9.621351531147504,4.98,17116.2325,1.4464999999999998e-05,Centrale
GNQ,1987,422522.0,20100242936.05772,9.621351531147504,4.4,17116.2325,1.4464999999999998e-05,Centrale
GNQ,1988,439651.0,20100242936.05772,9.621351531147504,4.05,17116.2325,1.4464999999999998e-05,Centrale
GNQ,1989,456808.0,20100242936.05772,9.621351531147504,3.9,17116.2325,1.4464999999999998e-05,Centrale
GNQ,1990,474274.0,20100242936.05772,4.009293754085762,3.82,17116.2325,8.45e-06,Centrale
GNQ,1991,492217.0,20100242936.05772,3.939265874930584,3.78,17116.2325,8e-06,Centrale
GNQ,1992,510770.0,20100242936.05772,5.313667592683572,3.77,17116.2325,1.04e-05,Centrale
GNQ,1993,530023.0,20100242936.05772,5.765986912852481,3.77,17116.2325,1.088e-05,Centrale
GNQ,1994,550138.0,20100242936.05772,6.633275469297486,3.8,17116.2325,1.206e-05,Centrale
GNQ,1995,571264.0,20100242936.05772,7.680760332980782,3.84,17116.2325,1.345e-05,Centrale
GNQ,1996,593492.0,20100242936.05772,11.881141714410736,3.89,17116.2325,1.4464999999999998e-05,Centrale
GNQ,1997,616893.0,20100242936.05772,26.26400400585465,3.94,17116.2325,1.4464999999999998e-05,Centrale
GNQ,1998,641474.0,20100242936.05772,30.065206059049405,3.98,17116.2325,1.4464999999999998e-05,Centrale
GNQ,1999,667214.0,20100242936.05772,35.24604669802417,4.01,17116.2325,1.4464999999999998e-05,Centrale
GNQ,2000,703279.0,20100242936.05772,34.31291630705018,5.41,17116.2325,1.4464999999999998e-05,Centrale
GNQ,2001,749836.0,20100242936.05772,52.10289170395931,6.62,17116.2325,1.4464999999999998e-05,Centrale
GNQ,2002,797957.0,20100242936.05772,44.890581924688775,6.42,17116.2325,1.4464999999999998e-05,Centrale
GNQ,2003,847862.0,20100242936.05772,47.869601303587054,6.25,17116.2325,1.4464999999999998e-05,Centrale
GNQ,2004,899917.0,20100242936.05772,18.33921245372973,6.14,17116.2325,1.4464999999999998e-05,Centrale
GNQ,2005,947367.0,3767758490.351021,21.04105885635577,5.27,3977.08,1.4464999999999998e-05,Centrale
GNQ,2006,990343.0,6323428384.649922,22.480155521015547,4.54,6385.09,1.4464999999999998e-05,Centrale
GNQ,2007,1036044.0,6940130958.949347,23.27954347872971,4.61,6698.68,1.4464999999999998e-05,Centrale
GNQ,2008,1084530.0,7671784794.2941,27.24004933119292,4.68,7073.83,1.4464999999999998e-05,Centrale
GNQ,2009,1135673.0,7793443880.884118,26.81755975827101,4.72,6862.4,1.4464999999999998e-05,Centrale
GNQ,2010,1189085.0,8447370415.07285,23.898482858806734,4.7,7104.09,1.4464999999999998e-05,Centrale
GNQ,2011,1241835.0,8786607512.286093,22.764939478672737,4.44,7075.5,1.4464999999999998e-05,Centrale
GNQ,2012,1293483.0,9383466847.996435,23.98818377755456,4.16,7254.42,1.4464999999999998e-05,Centrale
GNQ,2013,1346218.0,11060975537.443195,19.041773005516,4.08,8216.33,1.414e-05,Centrale
GNQ,2014,1399828.0,11460090386.399252,20.807794628347743,3.98,8186.78,1.4464999999999998e-05,Centrale
GNQ,2015,1453923.0,11680309789.659184,20.27693988711785,3.86,8033.65,1.395e-05,Centrale
GNQ,2016,1508186.0,12011850819.749662,15.71531751900525,3.73,7964.44,1.042e-05,Centrale
GNQ,2017,1562396.0,12420519829.14316,16.628383279438307,3.59,7949.66,1.064e-05,Centrale
GNQ,2018,1616422.0,12842833447.090033,14.271347833226734,3.46,7945.22,8.83e-06,Centrale
GNQ,2019,1670177.0,13279491174.581846,14.460436007768704,3.33,7950.95,8.66e-06,Centrale
GNQ,2020,1716468.0,12227014986.258692,15.305119983110862,2.77,7123.36,8.92e-06,Centrale
GNQ,2021,1758786.0,12473925419.438332,12.98622964668577,2.47,7092.35,7.38e-06,Centrale
GNQ,2022,1803545.0,12965517302.796663,13.243779354546003,2.54,7188.91,7.34e-06,Centrale
GNQ,2023,1847549.0,13536000064.293823,12.339822400808876,2.44,7326.46,6.68e-06,Centrale
GNQ,2024,1892516.0,13260666752.734058,9.621351531147504,2.43,7006.9,5.08e-06,Centrale
GNQ,2025,1938431.0,20100242936.05772,9.621351531147504,2.43,10369.34,4.96e-06,Centrale
KEN,1960,7695307.0,20100242936.05772,9.621351531147504,0.0,2612.01,1.25e-06,Est
KEN,1961,7987770.0,20100242936.05772,9.621351531147504,3.8,2516.38,1.2e-06,Est
KEN,1962,8299308.0,20100242936.05772,9.621351531147504,3.9,2421.92,1.16e-06,Est
KEN,1963,8627971.0,20100242936.05772,9.621351531147504,3.96,2329.66,1.12e-06,Est
KEN,1964,8973535.0,20100242936.05772,9.621351531147504,4.01,2239.95,1.07e-06,Est
KEN,1965,9338078.0,20100242936.05772,9.621351531147504,4.06,2152.5,1.03e-06,Est
KEN,1966,9717816.0,20100242936.05772,9.621351531147504,4.07,2068.39,9.9e-07,Est
KEN,1967,10111057.0,20100242936.05772,9.621351531147504,4.05,1987.95,9.5e-07,Est
KEN,1968,10518823.0,20100242936.05772,9.621351531147504,4.03,1910.88,9.1e-07,Est
KEN,1969,10939695.0,20100242936.05772,9.621351531147504,4.0,1837.37,8.8e-07,Est
KEN,1970,11368791.0,20100242936.05772,9.621351531147504,3.92,1768.02,8.5e-07,Est
KEN,1971,11788904.0,20100242936.05772,9.621351531147504,3.7,1705.01,8.2e-07,Est
KEN,1972,12206060.0,20100242936.05772,9.621351531147504,3.54,1646.74,7.9e-07,Est
KEN,1973,12634835.0,20100242936.05772,9.621351531147504,3.51,1590.86,7.6e-07,Est
KEN,1974,13070078.0,20100242936.05772,9.621351531147504,3.44,1537.88,7.4e-07,Est
KEN,1975,13511671.0,20100242936.05772,9.621351531147504,3.38,1487.62,7.1e-07,Est
KEN,1976,13957623.0,20100242936.05772,9.621351531147504,3.3,1440.09,6.9e-07,Est
KEN,1977,14428819.0,20100242936.05772,9.621351531147504,3.38,1393.06,6.7e-07,Est
KEN,1978,14934126.0,20100242936.05772,9.621351531147504,3.5,1345.93,6.4e-07,Est
KEN,1979,15460666.0,20100242936.05772,9.621351531147504,3.53,1300.09,6.2e-07,Est
KEN,1980,16018459.0,20100242936.05772,9.621351531147504,3.61,1254.82,6e-07,Est
KEN,1981,16601507.0,20100242936.05772,9.621351531147504,3.64,1210.75,5.8e-07,Est
KEN,1982,17206175.0,20100242936.05772,9.621351531147504,3.64,1168.2,5.6e-07,Est
KEN,1983,17846374.0,20100242936.05772,9.621351531147504,3.72,1126.29,5.4e-07,Est
KEN,1984,18514906.0,20100242936.05772,9.621351531147504,3.75,1085.62,5.2e-07,Est
KEN,1985,19201768.0,20100242936.05772,9.621351531147504,3.71,1046.79,5e-07,Est
KEN,1986,19901646.0,20100242936.05772,9.621351531147504,3.64,1009.98,4.8e-07,Est
KEN,1987,20616096.0,20100242936.05772,9.621351531147504,3.59,974.98,4.7e-07,Est
KEN,1988,21356219.0,20100242936.05772,9.621351531147504,3.59,941.19,4.5e-07,Est
KEN,1989,22118434.0,20100242936.05772,9.621351531147504,3.57,908.76,4.3e-07,Est
KEN,1990,22892651.0,67838899123.46188,8.840144126878595,3.5,2963.35,3.9e-07,Est
KEN,1991,23646514.0,69468863722.3446,8.819963354258991,3.29,2937.81,3.7e-07,Est
KEN,1992,24382460.0,68760100990.70941,8.551927119683166,3.11,2820.06,3.5e-07,Est
KEN,1993,25117188.0,67698537536.96711,8.410402174110441,3.01,2695.31,3.3e-07,Est
KEN,1994,25857130.0,68932286284.97874,8.540712192653814,2.95,2665.89,3.3e-07,Est
KEN,1995,26601751.0,78583303740.40714,8.499197431414133,2.88,2954.07,3.2e-07,Est
KEN,1996,27344211.0,80625501439.33469,8.544346620611911,2.79,2948.54,3.1e-07,Est
KEN,1997,28101768.0,83706249370.06105,8.494256081174472,2.77,2978.68,3e-07,Est
KEN,1998,28888057.0,87538055538.75027,8.42905099888069,2.8,3030.25,2.9e-07,Est
KEN,1999,29733408.0,91126224882.23656,8.432819538035693,2.93,3064.78,2.8e-07,Est
KEN,2000,30642890.0,90777190688.53915,8.161995027826055,3.06,2962.42,2.7e-07,Est
KEN,2001,31619170.0,94542381051.13963,8.351063027609321,3.19,2990.03,2.6e-07,Est
KEN,2002,32629808.0,95339674373.9856,8.265953394883612,3.2,2921.86,2.5e-07,Est
KEN,2003,33652223.0,97439702607.7068,8.444174095251677,3.13,2895.49,2.5e-07,Est
KEN,2004,34713455.0,99797692375.87325,8.325051849050203,3.15,2874.9,2.4e-07,Est
KEN,2005,35796484.0,106251039987.49677,8.475582836240209,3.12,2968.2,2.4e-07,Est
KEN,2006,36904008.0,116796319210.60182,8.63468535210084,3.09,3164.87,2.3e-07,Est
KEN,2007,38036349.0,122981622016.0232,9.022877306727052,3.07,3233.27,2.4e-07,Est
KEN,2008,39206351.0,121113512527.30812,8.7753007410037,3.08,3089.13,2.2e-07,Est
KEN,2009,40408891.0,126671490672.82825,8.525910073314577,3.07,3134.74,2.1e-07,Est
KEN,2010,41598567.0,132966679906.26578,8.968403122944986,2.94,3196.42,2.2e-07,Est
KEN,2011,42758461.0,139538243301.17126,9.111419424451675,2.79,3263.41,2.1e-07,Est
KEN,2012,43888303.0,145618474853.46704,9.482310891383603,2.64,3317.93,2.2e-07,Est
KEN,2013,44986791.0,154646697461.42133,9.425194870252126,2.5,3437.6,2.1e-07,Est
KEN,2014,46051440.0,161156844376.00064,9.163181738448024,2.37,3499.5,2e-07,Est
KEN,2015,47088526.0,170502897269.64313,8.821836751312777,2.25,3620.9,1.9e-07,Est
KEN,2016,48139687.0,178182119170.52808,8.943083802159387,2.23,3701.36,1.9e-07,Est
KEN,2017,49197766.0,186931673711.4742,8.998885965366076,2.2,3799.6,1.8e-07,Est
KEN,2018,50207107.0,195773088882.04425,9.181538939330332,2.05,3899.31,1.8e-07,Est
KEN,2019,51202827.0,205563508435.79108,9.50886654507923,1.98,4014.69,1.9e-07,Est
KEN,2020,52217334.0,201799415189.5577,9.45743567604329,1.98,3864.61,1.8e-07,Est
KEN,2021,53219166.0,214019728654.2271,9.890818209920056,1.92,4021.48,1.9e-07,Est
KEN,2022,54252461.0,219020381315.34857,10.148603059699097,1.94,4037.06,1.9e-07,Est
KEN,2023,55339003.0,235498085196.2316,10.444854774169867,2.0,4255.55,1.9e-07,Est
KEN,2024,56432944.0,251804314264.04373,10.838528131510795,1.98,4462.01,1.9e-07,Est
KEN,2025,57532493.0,20100242936.05772,9.621351531147504,1.95,349.37,1.7e-07,Est
LBR,1960,1139522.0,20100242936.05772,9.621351531147504,0.0,17116.2325,8.44e-06,Ouest
LBR,1961,1167717.0,20100242936.05772,9.621351531147504,2.47,17116.2325,8.24e-06,Ouest
LBR,1962,1197039.0,20100242936.05772,9.621351531147504,2.51,16791.64,8.04e-06,Ouest
LBR,1963,1227414.0,20100242936.05772,9.621351531147504,2.54,16376.09,7.84e-06,Ouest
LBR,1964,1258745.0,20100242936.05772,9.621351531147504,2.55,15968.48,7.64e-06,Ouest
LBR,1965,1291156.0,20100242936.05772,9.621351531147504,2.57,15567.63,7.45e-06,Ouest
LBR,1966,1324383.0,20100242936.05772,9.621351531147504,2.57,15177.06,7.26e-06,Ouest
LBR,1967,1358435.0,20100242936.05772,9.621351531147504,2.57,14796.62,7.08e-06,Ouest
LBR,1968,1393530.0,20100242936.05772,9.621351531147504,2.58,14423.98,6.9e-06,Ouest
LBR,1969,1429605.0,20100242936.05772,9.621351531147504,2.59,14060.0,6.73e-06,Ouest
LBR,1970,1466676.0,20100242936.05772,9.621351531147504,2.59,13704.62,6.56e-06,Ouest
LBR,1971,1504077.0,20100242936.05772,9.621351531147504,2.55,13363.84,6.4e-06,Ouest
LBR,1972,1542670.0,20100242936.05772,9.621351531147504,2.57,13029.52,6.24e-06,Ouest
LBR,1973,1583588.0,20100242936.05772,9.621351531147504,2.65,12692.85,6.08e-06,Ouest
LBR,1974,1626362.0,20100242936.05772,9.621351531147504,2.7,12359.02,5.92e-06,Ouest
LBR,1975,1670913.0,20100242936.05772,9.621351531147504,2.74,12029.5,5.76e-06,Ouest
LBR,1976,1717060.0,20100242936.05772,9.621351531147504,2.76,11706.2,5.6e-06,Ouest
LBR,1977,1766019.0,20100242936.05772,9.621351531147504,2.85,11381.67,5.45e-06,Ouest
LBR,1978,1818247.0,20100242936.05772,9.621351531147504,2.96,11054.74,5.29e-06,Ouest
LBR,1979,1872713.0,20100242936.05772,9.621351531147504,3.0,10733.22,5.14e-06,Ouest
LBR,1980,1929253.0,20100242936.05772,9.621351531147504,3.02,10418.67,4.99e-06,Ouest
LBR,1981,1986867.0,20100242936.05772,9.621351531147504,2.99,10116.55,4.84e-06,Ouest
LBR,1982,2045073.0,20100242936.05772,9.621351531147504,2.93,9828.62,4.7e-06,Ouest
LBR,1983,2107113.0,20100242936.05772,9.621351531147504,3.03,9539.23,4.57e-06,Ouest
LBR,1984,2173312.0,20100242936.05772,9.621351531147504,3.14,9248.67,4.43e-06,Ouest
LBR,1985,2240539.0,20100242936.05772,9.621351531147504,3.09,8971.16,4.29e-06,Ouest
LBR,1986,2308511.0,20100242936.05772,9.621351531147504,3.03,8707.02,4.17e-06,Ouest
LBR,1987,2377229.0,20100242936.05772,9.621351531147504,2.98,8455.32,4.05e-06,Ouest
LBR,1988,2446941.0,20100242936.05772,9.621351531147504,2.93,8214.44,3.93e-06,Ouest
LBR,1989,2517858.0,20100242936.05772,9.621351531147504,2.9,7983.07,3.82e-06,Ouest
LBR,1990,2223667.0,20100242936.05772,9.621351531147504,-11.68,9039.23,4.33e-06,Ouest
LBR,1991,1956518.0,20100242936.05772,9.621351531147504,-12.01,10273.48,4.92e-06,Ouest
LBR,1992,2072461.0,20100242936.05772,9.621351531147504,5.93,9698.73,4.64e-06,Ouest
LBR,1993,2155126.0,20100242936.05772,9.621351531147504,3.99,9326.71,4.46e-06,Ouest
LBR,1994,2149928.0,20100242936.05772,9.621351531147504,-0.24,9349.26,4.48e-06,Ouest
LBR,1995,2169162.0,20100242936.05772,9.621351531147504,0.89,9266.36,4.44e-06,Ouest
LBR,1996,2232289.0,20100242936.05772,9.621351531147504,2.91,9004.32,4.31e-06,Ouest
LBR,1997,2412989.0,20100242936.05772,9.621351531147504,8.09,8330.02,3.99e-06,Ouest
LBR,1998,2670124.0,20100242936.05772,9.621351531147504,10.66,7527.83,3.6e-06,Ouest
LBR,1999,2821684.0,20100242936.05772,9.621351531147504,5.68,7123.49,3.41e-06,Ouest
LBR,2000,2928117.0,20100242936.05772,9.621351531147504,3.77,6864.56,3.29e-06,Ouest
LBR,2001,3015338.0,20100242936.05772,9.621351531147504,2.98,6666.0,3.19e-06,Ouest
LBR,2002,3094782.0,20100242936.05772,9.621351531147504,2.63,6494.88,3.11e-06,Ouest
LBR,2003,3119532.0,20100242936.05772,9.621351531147504,0.8,6443.35,3.08e-06,Ouest
LBR,2004,3156892.0,20100242936.05772,9.621351531147504,1.2,6367.1,3.05e-06,Ouest
LBR,2005,3301015.0,20100242936.05772,9.621351531147504,4.57,6089.11,2.91e-06,Ouest
LBR,2006,3490787.0,20100242936.05772,9.621351531147504,5.75,5758.08,2.76e-06,Ouest
LBR,2007,3669050.0,20100242936.05772,9.621351531147504,5.11,5478.32,2.62e-06,Ouest
LBR,2008,3821003.0,20100242936.05772,9.621351531147504,4.14,5260.46,2.52e-06,Ouest
LBR,2009,3943028.0,20100242936.05772,9.621351531147504,3.19,5097.67,2.44e-06,Ouest
LBR,2010,4058890.0,20100242936.05772,9.621351531147504,2.94,4952.15,2.37e-06,Ouest
LBR,2011,4221178.0,20100242936.05772,9.621351531147504,4.0,4761.76,2.28e-06,Ouest
LBR,2012,4373043.0,20100242936.05772,9.621351531147504,3.6,4596.4,2.2e-06,Ouest
LBR,2013,4470239.0,20100242936.05772,9.621351531147504,2.22,4496.46,2.15e-06,Ouest
LBR,2014,4564293.0,20100242936.05772,9.621351531147504,2.1,4403.8,2.11e-06,Ouest
LBR,2015,4659431.0,20100242936.05772,9.621351531147504,2.08,4313.88,2.06e-06,Ouest
LBR,2016,4755608.0,20100242936.05772,9.621351531147504,2.06,4226.64,2.02e-06,Ouest
LBR,2017,4848925.0,20100242936.05772,9.621351531147504,1.96,4145.3,1.98e-06,Ouest
LBR,2018,4944726.0,20100242936.05772,9.621351531147504,1.98,4064.99,1.95e-06,Ouest
LBR,2019,5043721.0,20100242936.05772,9.621351531147504,2.0,3985.2,1.91e-06,Ouest
LBR,2020,5149463.0,20100242936.05772,9.621351531147504,2.1,3903.37,1.87e-06,Ouest
LBR,2021,5259323.0,20100242936.05772,9.621351531147504,2.13,3821.83,1.83e-06,Ouest
LBR,2022,5373294.0,20100242936.05772,9.621351531147504,2.17,3740.77,1.79e-06,Ouest
LBR,2023,5493031.0,20100242936.05772,9.621351531147504,2.23,3659.23,1.75e-06,Ouest
LBR,2024,5612817.0,20100242936.05772,9.621351531147504,2.18,3581.13,1.71e-06,Ouest
LBR,2025,5731206.0,20100242936.05772,9.621351531147504,2.11,3507.16,1.68e-06,Ouest
LBY,1960,1492890.0,20100242936.05772,9.621351531147504,0.0,13463.98,6.44e-06,Nord
LBY,1961,1555699.0,20100242936.05772,9.621351531147504,4.21,12920.39,6.18e-06,Nord
LBY,1962,1621960.0,20100242936.05772,9.621351531147504,4.26,12392.56,5.93e-06,Nord
LBY,1963,1690457.0,20100242936.05772,9.621351531147504,4.22,11890.42,5.69e-06,Nord
LBY,1964,1753691.0,20100242936.05772,9.621351531147504,3.74,11461.68,5.49e-06,Nord
LBY,1965,1804015.0,20100242936.05772,9.621351531147504,2.87,11141.95,5.33e-06,Nord
LBY,1966,1849063.0,20100242936.05772,9.621351531147504,2.5,10870.5,5.2e-06,Nord
LBY,1967,1898199.0,20100242936.05772,9.621351531147504,2.66,10589.11,5.07e-06,Nord
LBY,1968,1952781.0,20100242936.05772,9.621351531147504,2.88,10293.14,4.93e-06,Nord
LBY,1969,2014293.0,20100242936.05772,9.621351531147504,3.15,9978.81,4.78e-06,Nord
LBY,1970,2082589.0,20100242936.05772,9.621351531147504,3.39,9651.56,4.62e-06,Nord
LBY,1971,2153534.0,20100242936.05772,9.621351531147504,3.41,9333.61,4.47e-06,Nord
LBY,1972,2226091.0,20100242936.05772,9.621351531147504,3.37,9029.39,4.32e-06,Nord
LBY,1973,2314193.0,20100242936.05772,9.621351531147504,3.96,8685.64,4.16e-06,Nord
LBY,1974,2432211.0,20100242936.05772,9.621351531147504,5.1,8264.19,3.96e-06,Nord
LBY,1975,2571556.0,20100242936.05772,9.621351531147504,5.73,7816.37,3.74e-06,Nord
LBY,1976,2721237.0,20100242936.05772,9.621351531147504,5.82,7386.44,3.54e-06,Nord
LBY,1977,2881533.0,20100242936.05772,9.621351531147504,5.89,6975.54,3.34e-06,Nord
LBY,1978,3052526.0,20100242936.05772,9.621351531147504,5.93,6584.79,3.15e-06,Nord
LBY,1979,3233846.0,20100242936.05772,9.621351531147504,5.94,6215.58,2.98e-06,Nord
LBY,1980,3424378.0,20100242936.05772,9.621351531147504,5.89,5869.75,2.81e-06,Nord
LBY,1981,3621486.0,20100242936.05772,9.621351531147504,5.76,5550.27,2.66e-06,Nord
LBY,1982,3724765.0,20100242936.05772,9.621351531147504,2.85,5396.38,2.58e-06,Nord
LBY,1983,3718961.0,20100242936.05772,9.621351531147504,-0.16,5404.8,2.59e-06,Nord
LBY,1984,3773633.0,20100242936.05772,9.621351531147504,1.47,5326.5,2.55e-06,Nord
LBY,1985,3898745.0,20100242936.05772,9.621351531147504,3.32,5155.57,2.47e-06,Nord
LBY,1986,4017403.0,20100242936.05772,9.621351531147504,3.04,5003.29,2.39e-06,Nord
LBY,1987,4129739.0,20100242936.05772,9.621351531147504,2.8,4867.19,2.33e-06,Nord
LBY,1988,4237755.0,20100242936.05772,9.621351531147504,2.62,4743.13,2.27e-06,Nord
LBY,1989,4342920.0,20100242936.05772,9.621351531147504,2.48,4628.28,2.22e-06,Nord
LBY,1990,4445239.0,20100242936.05772,7.214540096333024,2.36,4521.75,1.62e-06,Nord
LBY,1991,4544400.0,20100242936.05772,8.224872237270688,2.23,4423.08,1.81e-06,Nord
LBY,1992,4640352.0,20100242936.05772,8.04224114903022,2.11,4331.62,1.73e-06,Nord
LBY,1993,4733045.0,20100242936.05772,7.456926264276417,2.0,4246.79,1.58e-06,Nord
LBY,1994,4822037.0,20100242936.05772,6.731975619758728,1.88,4168.41,1.4e-06,Nord
LBY,1995,4906843.0,20100242936.05772,6.217396615597218,1.76,4096.37,1.27e-06,Nord
LBY,1996,4987393.0,20100242936.05772,6.062460219765429,1.64,4030.21,1.22e-06,Nord
LBY,1997,5064639.0,20100242936.05772,6.291813862908077,1.55,3968.74,1.24e-06,Nord
LBY,1998,5140704.0,20100242936.05772,5.9086297833736,1.5,3910.02,1.15e-06,Nord
LBY,1999,5218038.0,20100242936.05772,6.095719424315671,1.5,3852.07,1.17e-06,Nord
LBY,2000,5305021.0,20100242936.05772,5.96170425935148,1.67,3788.91,1.12e-06,Nord
LBY,2001,5403639.0,20100242936.05772,5.566572433114409,1.86,3719.76,1.03e-06,Nord
LBY,2002,5508410.0,20100242936.05772,5.382334200278686,1.94,3649.01,9.8e-07,Nord
LBY,2003,5619398.0,20100242936.05772,6.073473750042401,2.01,3576.94,1.08e-06,Nord
LBY,2004,5736693.0,20100242936.05772,6.178629040542003,2.09,3503.8,1.08e-06,Nord
LBY,2005,5858798.0,20100242936.05772,6.629071471350606,2.13,3430.78,1.13e-06,Nord
LBY,2006,5980211.0,20100242936.05772,7.882283083382576,2.07,3361.13,1.32e-06,Nord
LBY,2007,6104380.0,20100242936.05772,9.486532299270657,2.08,3292.76,1.55e-06,Nord
LBY,2008,6235430.0,20100242936.05772,8.497689951197536,2.15,3223.55,1.36e-06,Nord
LBY,2009,6366686.0,20100242936.05772,7.368849810583741,2.11,3157.1,1.16e-06,Nord
LBY,2010,6497839.0,40331401403.86055,6.742929895005231,2.06,6206.89,1.04e-06,Nord
LBY,2011,6343203.0,26286576379.37244,4.081698753653468,-2.38,4144.05,6.4e-07,Nord
LBY,2012,6179328.0,35332103918.17838,6.642320385857217,-2.58,5717.79,1.07e-06,Nord
LBY,2013,6304628.0,37692473749.842926,6.026188949167639,2.03,5978.54,9.6e-07,Nord
LBY,2014,6427252.0,36436338407.6062,3.520298972573732,1.94,5669.04,5.5e-07,Nord
LBY,2015,6531819.0,33648902300.40946,4.144145773902222,1.63,5151.54,6.3e-07,Nord
LBY,2016,6632126.0,33557503900.02041,3.5317379464010497,1.54,5059.84,5.3e-07,Nord
LBY,2017,6738770.0,27903721556.37507,4.1718258763911615,1.61,4140.77,6.2e-07,Nord
LBY,2018,6849055.0,24478883763.41516,4.89758085931125,1.64,3574.05,7.2e-07,Nord
LBY,2019,6951033.0,25382533267.20438,3.8833736804738863,1.49,3651.62,5.6e-07,Nord
LBY,2020,7045399.0,27365080867.93492,7.0718338143588,1.36,3884.11,1e-06,Nord
LBY,2021,7135175.0,27272358199.81329,6.012220089953451,1.27,3822.24,8.4e-07,Nord
LBY,2022,7223805.0,26929948996.45329,7.416731885335772,1.24,3727.95,1.03e-06,Nord
LBY,2023,7305659.0,28351309362.223667,4.686631521738763,1.13,3880.73,6.4e-07,Nord
LBY,2024,7381023.0,29002529390.89229,9.621351531147504,1.03,3929.34,1.3e-06,Nord
LBY,2025,7458555.0,20100242936.05772,9.621351531147504,1.05,2694.92,1.29e-06,Nord
LSO,1960,736500.0,20100242936.05772,9.621351531147504,0.0,17116.2325,1.306e-05,Australe
LSO,1961,758824.0,20100242936.05772,9.621351531147504,3.03,17116.2325,1.268e-05,Australe
LSO,1962,781814.0,20100242936.05772,9.621351531147504,3.03,17116.2325,1.231e-05,Australe
LSO,1963,805373.0,20100242936.05772,9.621351531147504,3.01,17116.2325,1.195e-05,Australe
LSO,1964,829437.0,20100242936.05772,9.621351531147504,2.99,17116.2325,1.16e-05,Australe
LSO,1965,854090.0,20100242936.05772,9.621351531147504,2.97,17116.2325,1.127e-05,Australe
LSO,1966,881870.0,20100242936.05772,9.621351531147504,3.25,17116.2325,1.091e-05,Australe
LSO,1967,913982.0,20100242936.05772,9.621351531147504,3.64,17116.2325,1.053e-05,Australe
LSO,1968,948105.0,20100242936.05772,9.621351531147504,3.73,17116.2325,1.015e-05,Australe
LSO,1969,983202.0,20100242936.05772,9.621351531147504,3.7,17116.2325,9.79e-06,Australe
LSO,1970,1019273.0,20100242936.05772,9.621351531147504,3.67,17116.2325,9.44e-06,Australe
LSO,1971,1056246.0,20100242936.05772,9.621351531147504,3.63,17116.2325,9.11e-06,Australe
LSO,1972,1094063.0,20100242936.05772,9.621351531147504,3.58,17116.2325,8.79e-06,Australe
LSO,1973,1132697.0,20100242936.05772,9.621351531147504,3.53,17116.2325,8.49e-06,Australe
LSO,1974,1172420.0,20100242936.05772,9.621351531147504,3.51,17116.2325,8.21e-06,Australe
LSO,1975,1213643.0,20100242936.05772,9.621351531147504,3.52,16561.91,7.93e-06,Australe
LSO,1976,1253214.0,20100242936.05772,9.621351531147504,3.26,16038.95,7.68e-06,Australe
LSO,1977,1289967.0,20100242936.05772,9.621351531147504,2.93,15581.98,7.46e-06,Australe
LSO,1978,1327240.0,20100242936.05772,9.621351531147504,2.89,15144.39,7.25e-06,Australe
LSO,1979,1366169.0,20100242936.05772,9.621351531147504,2.93,14712.85,7.04e-06,Australe
LSO,1980,1406521.0,20100242936.05772,9.621351531147504,2.95,14290.75,6.84e-06,Australe
LSO,1981,1448069.0,20100242936.05772,9.621351531147504,2.95,13880.72,6.64e-06,Australe
LSO,1982,1490732.0,20100242936.05772,9.621351531147504,2.95,13483.47,6.45e-06,Australe
LSO,1983,1534413.0,20100242936.05772,9.621351531147504,2.93,13099.63,6.27e-06,Australe
LSO,1984,1578986.0,20100242936.05772,9.621351531147504,2.9,12729.84,6.09e-06,Australe
LSO,1985,1624379.0,20100242936.05772,9.621351531147504,2.87,12374.11,5.92e-06,Australe
LSO,1986,1666138.0,20100242936.05772,9.621351531147504,2.57,12063.97,5.77e-06,Australe
LSO,1987,1703390.0,20100242936.05772,9.621351531147504,2.24,11800.14,5.65e-06,Australe
LSO,1988,1739841.0,20100242936.05772,9.621351531147504,2.14,11552.92,5.53e-06,Australe
LSO,1989,1775436.0,20100242936.05772,9.621351531147504,2.05,11321.3,5.42e-06,Australe
LSO,1990,1809696.0,611718983.3008425,9.621351531147504,1.93,338.02,5.32e-06,Australe
LSO,1991,1842379.0,746164590.1920363,9.621351531147504,1.81,405.0,5.22e-06,Australe
LSO,1992,1873274.0,809862381.045028,9.621351531147504,1.68,432.32,5.14e-06,Australe
LSO,1993,1901793.0,890078534.3010768,9.621351531147504,1.52,468.02,5.06e-06,Australe
LSO,1994,1927707.0,938709143.5672712,9.621351531147504,1.36,486.96,4.99e-06,Australe
LSO,1995,1951437.0,1027391513.222959,9.621351531147504,1.23,526.48,4.93e-06,Australe
LSO,1996,1972418.0,1151606201.0720975,9.621351531147504,1.08,583.86,4.88e-06,Australe
LSO,1997,1988130.0,1426360010.612981,9.621351531147504,0.8,717.44,4.84e-06,Australe
LSO,1998,1998049.0,2011083418.8568945,9.621351531147504,0.5,1006.52,4.82e-06,Australe
LSO,1999,2003234.0,2155664190.274397,9.621351531147504,0.26,1076.09,4.8e-06,Australe
LSO,2000,2003913.0,2321050481.023248,9.621351531147504,0.03,1158.26,4.8e-06,Australe
LSO,2001,2000853.0,2357019390.984015,9.621351531147504,-0.15,1178.01,4.81e-06,Australe
LSO,2002,1994679.0,2758319196.173813,9.621351531147504,-0.31,1382.84,4.82e-06,Australe
LSO,2003,1985059.0,2938163592.248154,9.621351531147504,-0.48,1480.14,4.85e-06,Australe
LSO,2004,1971129.0,3124002772.4871807,153.37247369940766,-0.7,1584.88,1.4464999999999998e-05,Australe
LSO,2005,1953076.0,3365273119.307928,134.644831237425,-0.92,1723.06,1.4464999999999998e-05,Australe
LSO,2006,1945063.0,3683313772.7423263,243.74917800041044,-0.41,1893.67,1.4464999999999998e-05,Australe
LSO,2007,1953268.0,3362767482.260217,253.95718419347924,0.42,1721.61,1.4464999999999998e-05,Australe
LSO,2008,1966541.0,3771533134.779048,9.621351531147504,0.68,1917.85,4.89e-06,Australe
LSO,2009,1980883.0,4082712046.5586967,9.621351531147504,0.73,2061.06,4.86e-06,Australe
LSO,2010,1996251.0,4465844919.856912,9.621351531147504,0.78,2237.12,4.82e-06,Australe
LSO,2011,2014009.0,4680364028.512284,9.621351531147504,0.89,2323.9,4.78e-06,Australe
LSO,2012,2034354.0,4764310940.409121,9.621351531147504,1.01,2341.93,4.73e-06,Australe
LSO,2013,2056504.0,4713294090.67008,9.621351531147504,1.09,2291.9,4.68e-06,Australe
LSO,2014,2080089.0,4731343983.172397,9.621351531147504,1.15,2274.59,4.63e-06,Australe
LSO,2015,2104611.0,5103572080.326479,9.621351531147504,1.18,2424.95,4.57e-06,Australe
LSO,2016,2130422.0,5019549072.329352,9.621351531147504,1.23,2356.13,4.52e-06,Australe
LSO,2017,2157110.0,5350021676.338101,9.621351531147504,1.25,2480.18,4.46e-06,Australe
LSO,2018,2183603.0,5355287193.397555,9.621351531147504,1.23,2452.5,4.41e-06,Australe
LSO,2019,2209405.0,5137369023.109592,9.621351531147504,1.18,2325.23,4.35e-06,Australe
LSO,2020,2235727.0,5218291614.640785,9.621351531147504,1.19,2334.05,4.3e-06,Australe
LSO,2021,2261542.0,5131350154.657274,9.621351531147504,1.15,2268.96,4.25e-06,Australe
LSO,2022,2286110.0,5120544662.145675,9.621351531147504,1.09,2239.85,4.21e-06,Australe
LSO,2023,2311472.0,5581850495.596376,9.621351531147504,1.11,2414.85,4.16e-06,Australe
LSO,2024,2337423.0,20100242936.05772,9.621351531147504,1.12,8599.32,4.12e-06,Australe
LSO,2025,2363325.0,20100242936.05772,9.621351531147504,1.11,8505.07,4.07e-06,Australe
MAR,1960,11624933.0,20100242936.05772,9.621351531147504,0.0,1729.06,8.3e-07,Nord
MAR,1961,11931085.0,20100242936.05772,9.621351531147504,2.63,1684.7,8.1e-07,Nord
MAR,1962,12253092.0,20100242936.05772,9.621351531147504,2.7,1640.42,7.9e-07,Nord
MAR,1963,12577502.0,20100242936.05772,9.621351531147504,2.65,1598.11,7.6e-07,Nord
MAR,1964,12898886.0,20100242936.05772,9.621351531147504,2.56,1558.29,7.5e-07,Nord
MAR,1965,13239171.0,20100242936.05772,9.621351531147504,2.64,1518.24,7.3e-07,Nord
MAR,1966,13597065.0,20100242936.05772,9.621351531147504,2.7,1478.28,7.1e-07,Nord
MAR,1967,13968175.0,20100242936.05772,9.621351531147504,2.73,1439.0,6.9e-07,Nord
MAR,1968,14347899.0,20100242936.05772,9.621351531147504,2.72,1400.92,6.7e-07,Nord
MAR,1969,14734255.0,20100242936.05772,9.621351531147504,2.69,1364.18,6.5e-07,Nord
MAR,1970,15129449.0,20100242936.05772,9.621351531147504,2.68,1328.55,6.4e-07,Nord
MAR,1971,15527225.0,20100242936.05772,9.621351531147504,2.63,1294.52,6.2e-07,Nord
MAR,1972,15924692.0,20100242936.05772,9.621351531147504,2.56,1262.21,6e-07,Nord
MAR,1973,16326269.0,20100242936.05772,9.621351531147504,2.52,1231.16,5.9e-07,Nord
MAR,1974,16733842.0,20100242936.05772,9.621351531147504,2.5,1201.17,5.7e-07,Nord
MAR,1975,17150786.0,20100242936.05772,9.621351531147504,2.49,1171.97,5.6e-07,Nord
MAR,1976,17574182.0,20100242936.05772,9.621351531147504,2.47,1143.74,5.5e-07,Nord
MAR,1977,18014756.0,20100242936.05772,9.621351531147504,2.51,1115.77,5.3e-07,Nord
MAR,1978,18477385.0,20100242936.05772,9.621351531147504,2.57,1087.83,5.2e-07,Nord
MAR,1979,18955589.0,20100242936.05772,9.621351531147504,2.59,1060.39,5.1e-07,Nord
MAR,1980,19459943.0,20100242936.05772,9.621351531147504,2.66,1032.9,4.9e-07,Nord
MAR,1981,19985401.0,20100242936.05772,9.621351531147504,2.7,1005.75,4.8e-07,Nord
MAR,1982,20520318.0,20100242936.05772,9.621351531147504,2.68,979.53,4.7e-07,Nord
MAR,1983,21060696.0,20100242936.05772,9.621351531147504,2.63,954.4,4.6e-07,Nord
MAR,1984,21593778.0,20100242936.05772,9.621351531147504,2.53,930.83,4.5e-07,Nord
MAR,1985,22113953.0,20100242936.05772,9.621351531147504,2.41,908.94,4.4e-07,Nord
MAR,1986,22600803.0,20100242936.05772,9.621351531147504,2.2,889.36,4.3e-07,Nord
MAR,1987,23054392.0,20100242936.05772,9.621351531147504,2.01,871.86,4.2e-07,Nord
MAR,1988,23500524.0,20100242936.05772,9.621351531147504,1.94,855.31,4.1e-07,Nord
MAR,1989,23939414.0,20100242936.05772,9.621351531147504,1.87,839.63,4e-07,Nord
MAR,1990,24375551.0,61665146539.38387,14.24147746891423,1.82,2529.79,5.8e-07,Nord
MAR,1991,24799014.0,70486676079.87903,14.5299421738311,1.74,2842.32,5.9e-07,Nord
MAR,1992,25212468.0,70289226301.66635,13.4295567433948,1.67,2787.88,5.3e-07,Nord
MAR,1993,25614586.0,69242713441.96416,12.845005279315012,1.59,2703.25,5e-07,Nord
MAR,1994,26000822.0,78093121472.06528,13.264161408484492,1.51,3003.49,5.1e-07,Nord
MAR,1995,26399429.0,74996711517.4974,12.663958400142764,1.53,2840.85,4.8e-07,Nord
MAR,1996,26808107.0,85165712227.69911,13.540709976439665,1.55,3176.86,5.1e-07,Nord
MAR,1997,27213337.0,81602062199.61568,12.931182082297187,1.51,2998.61,4.8e-07,Nord
MAR,1998,27621648.0,86313481076.04562,13.606297972112555,1.5,3124.85,4.9e-07,Nord
MAR,1999,28027179.0,87782507806.3926,13.01466824324977,1.47,3132.05,4.6e-07,Nord
MAR,2000,28423435.0,89403640126.06145,13.281538060130073,1.41,3145.42,4.7e-07,Nord
MAR,2001,28814643.0,90482117216.37527,13.496276684111574,1.38,3140.14,4.7e-07,Nord
MAR,2002,29198142.0,93653885154.99657,13.77339748856117,1.33,3207.53,4.7e-07,Nord
MAR,2003,29571415.0,99286791784.98357,14.687958555915944,1.28,3357.53,5e-07,Nord
MAR,2004,29953018.0,103714251484.47688,13.066518823665277,1.29,3462.56,4.4e-07,Nord
MAR,2005,30358144.0,107163275418.31133,12.730081186129244,1.35,3529.97,4.2e-07,Nord
MAR,2006,30771178.0,114121197883.97543,13.488016558202254,1.36,3708.7,4.4e-07,Nord
MAR,2007,31186468.0,119340774964.9508,13.519379317154538,1.35,3826.68,4.3e-07,Nord
MAR,2008,31606767.0,128339266092.0614,13.752049646447023,1.35,4060.5,4.4e-07,Nord
MAR,2009,32030778.0,133506615669.25836,14.164019279112164,1.34,4168.07,4.4e-07,Nord
MAR,2010,32467016.0,138934166156.96997,13.878827649105602,1.36,4279.24,4.3e-07,Nord
MAR,2011,32912588.0,146578893551.13766,13.588387515703406,1.37,4453.58,4.1e-07,Nord
MAR,2012,33355241.0,152669680266.38873,13.811170737324876,1.34,4577.08,4.1e-07,Nord
MAR,2013,33787571.0,157525752799.70078,14.333108960191565,1.3,4662.24,4.2e-07,Nord
MAR,2014,34204780.0,162471916612.4444,14.51006402716277,1.23,4749.98,4.2e-07,Nord
MAR,2015,34607588.0,166416402016.40738,14.751512827224037,1.18,4808.67,4.3e-07,Nord
MAR,2016,35023457.0,169567264366.30426,14.797808149600572,1.2,4841.53,4.2e-07,Nord
MAR,2017,35446392.0,175854420848.99728,14.841637519802171,1.21,4961.14,4.2e-07,Nord
MAR,2018,35839760.0,180281946180.4398,15.139314060342755,1.11,5030.22,4.2e-07,Nord
MAR,2019,36210898.0,184205320744.76263,14.480903471234445,1.04,5087.01,4e-07,Nord
MAR,2020,36584208.0,173883444071.18637,14.201014389086795,1.03,4752.96,3.9e-07,Nord
MAR,2021,36954442.0,185978484298.9029,14.209234580425052,1.01,5032.64,3.8e-07,Nord
MAR,2022,37329064.0,186251813493.98868,14.631732892397473,1.01,4989.46,3.9e-07,Nord
MAR,2023,37712505.0,195184667635.4087,15.071160448825337,1.03,5175.6,4e-07,Nord
MAR,2024,38081173.0,201880234476.4172,9.621351531147504,0.98,5301.31,2.5e-07,Nord
MAR,2025,38430770.0,20100242936.05772,9.621351531147504,0.92,523.02,2.5e-07,Nord
MDG,1960,5111029.0,20100242936.05772,9.621351531147504,0.0,3932.72,1.88e-06,Est
MDG,1961,5246158.0,20100242936.05772,9.621351531147504,2.64,3831.42,1.83e-06,Est
MDG,1962,5384150.0,20100242936.05772,9.621351531147504,2.63,3733.22,1.79e-06,Est
MDG,1963,5525185.0,20100242936.05772,9.621351531147504,2.62,3637.93,1.74e-06,Est
MDG,1964,5669863.0,20100242936.05772,9.621351531147504,2.62,3545.1,1.7e-06,Est
MDG,1965,5819116.0,20100242936.05772,9.621351531147504,2.63,3454.17,1.65e-06,Est
MDG,1966,5974279.0,20100242936.05772,9.621351531147504,2.67,3364.46,1.61e-06,Est
MDG,1967,6136486.0,20100242936.05772,9.621351531147504,2.72,3275.53,1.57e-06,Est
MDG,1968,6306493.0,20100242936.05772,9.621351531147504,2.77,3187.23,1.53e-06,Est
MDG,1969,6484716.0,20100242936.05772,9.621351531147504,2.83,3099.63,1.48e-06,Est
MDG,1970,6672003.0,20100242936.05772,9.621351531147504,2.89,3012.62,1.44e-06,Est
MDG,1971,6868868.0,20100242936.05772,9.621351531147504,2.95,2926.28,1.4e-06,Est
MDG,1972,7074398.0,20100242936.05772,9.621351531147504,2.99,2841.27,1.36e-06,Est
MDG,1973,7288048.0,20100242936.05772,9.621351531147504,3.02,2757.97,1.32e-06,Est
MDG,1974,7509726.0,20100242936.05772,9.621351531147504,3.04,2676.56,1.28e-06,Est
MDG,1975,7739336.0,20100242936.05772,9.621351531147504,3.06,2597.15,1.24e-06,Est
MDG,1976,7976831.0,20100242936.05772,9.621351531147504,3.07,2519.83,1.21e-06,Est
MDG,1977,8222240.0,20100242936.05772,9.621351531147504,3.08,2444.62,1.17e-06,Est
MDG,1978,8475864.0,20100242936.05772,9.621351531147504,3.08,2371.47,1.14e-06,Est
MDG,1979,8737581.0,20100242936.05772,9.621351531147504,3.09,2300.44,1.1e-06,Est
MDG,1980,9006032.0,20100242936.05772,9.621351531147504,3.07,2231.86,1.07e-06,Est
MDG,1981,9279011.0,20100242936.05772,9.621351531147504,3.03,2166.21,1.04e-06,Est
MDG,1982,9557671.0,20100242936.05772,9.621351531147504,3.0,2103.05,1.01e-06,Est
MDG,1983,9843044.0,20100242936.05772,9.621351531147504,2.99,2042.08,9.8e-07,Est
MDG,1984,10134550.0,20100242936.05772,9.621351531147504,2.96,1983.34,9.5e-07,Est
MDG,1985,10433142.0,20100242936.05772,9.621351531147504,2.95,1926.58,9.2e-07,Est
MDG,1986,10736857.0,20100242936.05772,9.621351531147504,2.91,1872.08,9e-07,Est
MDG,1987,11047291.0,20100242936.05772,9.621351531147504,2.89,1819.47,8.7e-07,Est
MDG,1988,11369462.0,20100242936.05772,9.621351531147504,2.92,1767.92,8.5e-07,Est
MDG,1989,11704998.0,20100242936.05772,9.621351531147504,2.95,1717.24,8.2e-07,Est
MDG,1990,12055639.0,17935133012.19791,8.76731108604134,3.0,1487.7,7.3e-07,Est
MDG,1991,12421412.0,16733733086.123028,7.898115415597033,3.03,1347.17,6.4e-07,Est
MDG,1992,12800870.0,16853387476.467611,7.736739097338474,3.05,1316.58,6e-07,Est
MDG,1993,13197345.0,17582182440.552856,7.596068304339196,3.1,1332.25,5.8e-07,Est
MDG,1994,13613850.0,17589056367.275623,8.047261364534105,3.16,1292.0,5.9e-07,Est
MDG,1995,14051275.0,17784657393.15664,6.814178034287608,3.21,1265.7,4.8e-07,Est
MDG,1996,14510711.0,18143816834.926163,6.651900077792071,3.27,1250.37,4.6e-07,Est
MDG,1997,14990814.0,18983790852.59576,6.616635430305388,3.31,1266.36,4.4e-07,Est
MDG,1998,15489364.0,20130475931.447483,6.586122578027138,3.33,1299.63,4.3e-07,Est
MDG,1999,16000506.0,20968233787.192184,6.567379132865214,3.3,1310.47,4.1e-07,Est
MDG,2000,16516338.0,21714988712.116203,6.653800368852572,3.22,1314.76,4e-07,Est
MDG,2001,17032939.0,21885088558.606884,6.879326519149765,3.13,1284.87,4e-07,Est
MDG,2002,17549913.0,22011704527.370422,6.30099477652025,3.04,1254.23,3.6e-07,Est
MDG,2003,18071854.0,24074323100.88592,6.414588446277127,2.97,1332.14,3.5e-07,Est
MDG,2004,18606608.0,25341029088.667152,6.474107803047723,2.96,1361.94,3.5e-07,Est
MDG,2005,19159707.0,25313785496.050423,6.572178844094661,2.97,1321.2,3.4e-07,Est
MDG,2006,19730909.0,25787692508.140804,6.724998849698392,2.98,1306.97,3.4e-07,Est
MDG,2007,20318583.0,24139440977.457302,6.805561988752161,2.98,1188.05,3.3e-07,Est
MDG,2008,20923840.0,25620304039.54729,6.92292163025137,2.98,1224.46,3.3e-07,Est
MDG,2009,21547280.0,26267656002.91042,6.596898087444607,2.98,1219.07,3.1e-07,Est
MDG,2010,22183340.0,27470883058.35073,6.400507419556432,2.95,1238.36,2.9e-07,Est
MDG,2011,22822300.0,28103941218.92655,6.226737386926322,2.88,1231.42,2.7e-07,Est
MDG,2012,23462438.0,28957686215.452507,6.099299757136456,2.8,1234.21,2.6e-07,Est
MDG,2013,24109290.0,30909207707.833706,5.998651235149165,2.76,1282.05,2.5e-07,Est
MDG,2014,24764348.0,30105662955.39967,5.972971910649558,2.72,1215.69,2.4e-07,Est
MDG,2015,25426702.0,31004122477.574432,5.90915811518491,2.67,1219.35,2.3e-07,Est
MDG,2016,26099952.0,32167662359.477768,5.621376331630434,2.65,1232.48,2.2e-07,Est
MDG,2017,26788375.0,32537894422.29312,5.57572974076137,2.64,1214.63,2.1e-07,Est
MDG,2018,27494926.0,33739440243.40232,5.732946102311599,2.64,1227.12,2.1e-07,Est
MDG,2019,28219554.0,34757030750.92824,5.442883403479626,2.64,1231.66,1.9e-07,Est
MDG,2020,28953556.0,35512601118.09314,5.147529832143395,2.6,1226.54,1.8e-07,Est
MDG,2021,29691083.0,36527058645.98122,5.1554080761633925,2.55,1230.24,1.7e-07,Est
MDG,2022,30437261.0,36566034274.28444,5.21240659966933,2.51,1201.36,1.7e-07,Est
MDG,2023,31195932.0,38216364074.151405,5.352517637719117,2.49,1225.04,1.7e-07,Est
MDG,2024,31964956.0,39300504847.55984,9.621351531147504,2.47,1229.49,3e-07,Est
MDG,2025,32740678.0,20100242936.05772,9.621351531147504,2.43,613.92,2.9e-07,Est
MLI,1960,5402550.0,20100242936.05772,9.621351531147504,0.0,3720.51,1.78e-06,Ouest
MLI,1961,5482283.0,20100242936.05772,9.621351531147504,1.48,3666.4,1.75e-06,Ouest
MLI,1962,5563917.0,20100242936.05772,9.621351531147504,1.49,3612.61,1.73e-06,Ouest
MLI,1963,5646605.0,20100242936.05772,9.621351531147504,1.49,3559.7,1.7e-06,Ouest
MLI,1964,5730125.0,20100242936.05772,9.621351531147504,1.48,3507.82,1.68e-06,Ouest
MLI,1965,5815487.0,20100242936.05772,9.621351531147504,1.49,3456.33,1.65e-06,Ouest
MLI,1966,5902204.0,20100242936.05772,9.621351531147504,1.49,3405.55,1.63e-06,Ouest
MLI,1967,5990906.0,20100242936.05772,9.621351531147504,1.5,3355.13,1.61e-06,Ouest
MLI,1968,6082979.0,20100242936.05772,9.621351531147504,1.54,3304.34,1.58e-06,Ouest
MLI,1969,6177704.0,20100242936.05772,9.621351531147504,1.56,3253.68,1.56e-06,Ouest
MLI,1970,6276472.0,20100242936.05772,9.621351531147504,1.6,3202.47,1.53e-06,Ouest
MLI,1971,6377944.0,20100242936.05772,9.621351531147504,1.62,3151.52,1.51e-06,Ouest
MLI,1972,6483726.0,20100242936.05772,9.621351531147504,1.66,3100.11,1.48e-06,Ouest
MLI,1973,6597106.0,20100242936.05772,9.621351531147504,1.75,3046.83,1.46e-06,Ouest
MLI,1974,6715436.0,20100242936.05772,9.621351531147504,1.79,2993.14,1.43e-06,Ouest
MLI,1975,6837261.0,20100242936.05772,9.621351531147504,1.81,2939.81,1.41e-06,Ouest
MLI,1976,6960979.0,20100242936.05772,9.621351531147504,1.81,2887.56,1.38e-06,Ouest
MLI,1977,7090979.0,20100242936.05772,9.621351531147504,1.87,2834.62,1.36e-06,Ouest
MLI,1978,7229651.0,20100242936.05772,9.621351531147504,1.96,2780.25,1.33e-06,Ouest
MLI,1979,7375266.0,20100242936.05772,9.621351531147504,2.01,2725.36,1.3e-06,Ouest
MLI,1980,7530515.0,20100242936.05772,9.621351531147504,2.1,2669.17,1.28e-06,Ouest
MLI,1981,7692766.0,20100242936.05772,9.621351531147504,2.15,2612.88,1.25e-06,Ouest
MLI,1982,7860194.0,20100242936.05772,9.621351531147504,2.18,2557.22,1.22e-06,Ouest
MLI,1983,8034400.0,20100242936.05772,9.621351531147504,2.22,2501.77,1.2e-06,Ouest
MLI,1984,8208599.0,20100242936.05772,9.621351531147504,2.17,2448.68,1.17e-06,Ouest
MLI,1985,8374663.0,20100242936.05772,9.621351531147504,2.02,2400.13,1.15e-06,Ouest
MLI,1986,8531277.0,20100242936.05772,9.621351531147504,1.87,2356.06,1.13e-06,Ouest
MLI,1987,8681164.0,20100242936.05772,9.621351531147504,1.76,2315.39,1.11e-06,Ouest
MLI,1988,8833996.0,20100242936.05772,9.621351531147504,1.76,2275.33,1.09e-06,Ouest
MLI,1989,8999938.0,20100242936.05772,9.621351531147504,1.88,2233.38,1.07e-06,Ouest
MLI,1990,9178830.0,13642397484.22778,9.621351531147504,1.99,1486.29,1.05e-06,Ouest
MLI,1991,9362888.0,16330855880.152111,9.621351531147504,2.01,1744.21,1.03e-06,Ouest
MLI,1992,9553540.0,14878322341.216265,9.621351531147504,2.04,1557.36,1.01e-06,Ouest
MLI,1993,9754786.0,15928806749.26984,9.621351531147504,2.11,1632.92,9.9e-07,Ouest
MLI,1994,9967031.0,15964858538.438248,9.621351531147504,2.18,1601.77,9.7e-07,Ouest
MLI,1995,10185365.0,16331250363.911385,9.621351531147504,2.19,1603.4,9.4e-07,Ouest
MLI,1996,10407278.0,17425628106.492016,9.621351531147504,2.18,1674.37,9.2e-07,Ouest
MLI,1997,10646495.0,17094425333.267475,9.621351531147504,2.3,1605.64,9e-07,Ouest
MLI,1998,10919573.0,18047787826.041134,9.621351531147504,2.56,1652.79,8.8e-07,Ouest
MLI,1999,11227415.0,19465275862.705666,9.621351531147504,2.82,1733.73,8.6e-07,Ouest
MLI,2000,11559290.0,19158611590.57136,9.621351531147504,2.96,1657.42,8.3e-07,Ouest
MLI,2001,11912158.0,20667808895.203743,9.621351531147504,3.05,1735.02,8.1e-07,Ouest
MLI,2002,12288050.0,20512681990.90869,9.621351531147504,3.16,1669.32,7.8e-07,Ouest
MLI,2003,12684955.0,22019629556.72904,9.621351531147504,3.23,1735.89,7.6e-07,Ouest
MLI,2004,13102409.0,23120763896.20207,9.621351531147504,3.29,1764.62,7.3e-07,Ouest
MLI,2005,13538647.0,25441644378.34168,9.621351531147504,3.33,1879.19,7.1e-07,Ouest
MLI,2006,13990139.0,26211250472.26644,9.621351531147504,3.33,1873.55,6.9e-07,Ouest
MLI,2007,14457775.0,28307815849.29602,9.621351531147504,3.34,1957.96,6.7e-07,Ouest
MLI,2008,14940782.0,29357591429.846184,9.621351531147504,3.34,1964.93,6.4e-07,Ouest
MLI,2009,15435539.0,29756378422.25061,9.621351531147504,3.31,1927.78,6.2e-07,Ouest
MLI,2010,15945198.0,32623326743.4434,9.621351531147504,3.3,2045.97,6e-07,Ouest
MLI,2011,16469049.0,31832842247.197323,9.621351531147504,3.29,1932.89,5.8e-07,Ouest
MLI,2012,16957033.0,32813047312.395943,9.621351531147504,2.96,1935.07,5.7e-07,Ouest
MLI,2013,17459615.0,33784423630.926243,9.621351531147504,2.96,1935.0,5.5e-07,Ouest
MLI,2014,18020267.0,35724976032.99459,9.621351531147504,3.21,1982.49,5.3e-07,Ouest
MLI,2015,18593022.0,38021071917.81525,9.621351531147504,3.18,2044.91,5.2e-07,Ouest
MLI,2016,19191289.0,40128933989.94655,9.621351531147504,3.22,2091.0,5e-07,Ouest
MLI,2017,19813011.0,42226611066.17245,9.621351531147504,3.24,2131.26,4.9e-07,Ouest
MLI,2018,20442030.0,43945957798.843575,9.621351531147504,3.17,2149.78,4.7e-07,Ouest
MLI,2019,21068405.0,46170273844.18282,9.621351531147504,3.06,2191.45,4.6e-07,Ouest
MLI,2020,21713836.0,47245527941.139046,9.621351531147504,3.06,2175.83,4.4e-07,Ouest
MLI,2021,22388630.0,48595942965.5209,9.621351531147504,3.11,2170.56,4.3e-07,Ouest
MLI,2022,23072640.0,50914208857.28176,9.621351531147504,3.06,2206.69,4.2e-07,Ouest
MLI,2023,23769127.0,52600345095.958,9.621351531147504,3.02,2212.97,4e-07,Ouest
MLI,2024,24478595.0,54256971037.23669,9.621351531147504,2.98,2216.51,3.9e-07,Ouest
MLI,2025,25198821.0,20100242936.05772,9.621351531147504,2.94,797.67,3.8e-07,Ouest
MOZ,1960,6713695.0,20100242936.05772,9.621351531147504,0.0,2993.92,1.43e-06,Est
MOZ,1961,6834936.0,20100242936.05772,9.621351531147504,1.81,2940.81,1.41e-06,Est
MOZ,1962,6969364.0,20100242936.05772,9.621351531147504,1.97,2884.09,1.38e-06,Est
MOZ,1963,7109828.0,20100242936.05772,9.621351531147504,2.02,2827.11,1.35e-06,Est
MOZ,1964,7255061.0,20100242936.05772,9.621351531147504,2.04,2770.51,1.33e-06,Est
MOZ,1965,7406421.0,20100242936.05772,9.621351531147504,2.09,2713.89,1.3e-06,Est
MOZ,1966,7562990.0,20100242936.05772,9.621351531147504,2.11,2657.71,1.27e-06,Est
MOZ,1967,7724550.0,20100242936.05772,9.621351531147504,2.14,2602.12,1.25e-06,Est
MOZ,1968,7892613.0,20100242936.05772,9.621351531147504,2.18,2546.72,1.22e-06,Est
MOZ,1969,8066951.0,20100242936.05772,9.621351531147504,2.21,2491.68,1.19e-06,Est
MOZ,1970,8250506.0,20100242936.05772,9.621351531147504,2.28,2436.24,1.17e-06,Est
MOZ,1971,8456317.0,20100242936.05772,9.621351531147504,2.49,2376.95,1.14e-06,Est
MOZ,1972,8692935.0,20100242936.05772,9.621351531147504,2.8,2312.25,1.11e-06,Est
MOZ,1973,8954242.0,20100242936.05772,9.621351531147504,3.01,2244.77,1.07e-06,Est
MOZ,1974,9236093.0,20100242936.05772,9.621351531147504,3.15,2176.27,1.04e-06,Est
MOZ,1975,9540817.0,20100242936.05772,9.621351531147504,3.3,2106.76,1.01e-06,Est
MOZ,1976,9867209.0,20100242936.05772,9.621351531147504,3.42,2037.07,9.8e-07,Est
MOZ,1977,10224975.0,20100242936.05772,9.621351531147504,3.63,1965.8,9.4e-07,Est
MOZ,1978,10618250.0,20100242936.05772,9.621351531147504,3.85,1892.99,9.1e-07,Est
MOZ,1979,11028809.0,20100242936.05772,9.621351531147504,3.87,1822.52,8.7e-07,Est
MOZ,1980,11336221.0,20100242936.05772,9.621351531147504,2.79,1773.1,8.5e-07,Est
MOZ,1981,11568127.0,20100242936.05772,9.621351531147504,2.05,1737.55,8.3e-07,Est
MOZ,1982,11824370.0,20100242936.05772,9.621351531147504,2.22,1699.9,8.1e-07,Est
MOZ,1983,12073822.0,20100242936.05772,9.621351531147504,2.11,1664.78,8e-07,Est
MOZ,1984,12315954.0,20100242936.05772,9.621351531147504,2.01,1632.05,7.8e-07,Est
MOZ,1985,12548949.0,20100242936.05772,9.621351531147504,1.89,1601.75,7.7e-07,Est
MOZ,1986,12770578.0,20100242936.05772,9.621351531147504,1.77,1573.95,7.5e-07,Est
MOZ,1987,12822574.0,20100242936.05772,9.621351531147504,0.41,1567.57,7.5e-07,Est
MOZ,1988,12800558.0,20100242936.05772,9.621351531147504,-0.17,1570.26,7.5e-07,Est
MOZ,1989,12906842.0,20100242936.05772,9.621351531147504,0.83,1557.33,7.5e-07,Est
MOZ,1990,13094537.0,20100242936.05772,1.2339041253721592,1.45,1535.01,9e-08,Est
MOZ,1991,13352090.0,6925123507.519533,1.3018705598870706,1.97,518.65,1e-07,Est
MOZ,1992,13613316.0,6355371320.6084585,1.1890652397627346,1.96,466.85,9e-08,Est
MOZ,1993,14051192.0,6642455414.437642,1.2933148954087514,3.22,472.73,9e-08,Est
MOZ,1994,15033853.0,6822077466.560244,1.3577744447600075,6.99,453.78,9e-08,Est
MOZ,1995,15960530.0,7211258129.987573,1.3513019988111954,6.16,451.82,8e-08,Est
MOZ,1996,16492480.0,7826925006.379638,1.4638244403960086,3.33,474.58,9e-08,Est
MOZ,1997,16949982.0,8380918424.53539,1.5843175722095142,2.77,494.45,9e-08,Est
MOZ,1998,17340464.0,8812817339.003025,1.724073589999458,2.3,508.22,1e-07,Est
MOZ,1999,17734506.0,9292851673.586618,1.882451185115364,2.27,524.0,1.1e-07,Est
MOZ,2000,18129653.0,9224371603.807411,1.7977928832319876,2.23,508.8,1e-07,Est
MOZ,2001,18537729.0,9293519284.294931,1.929998098534348,2.25,501.33,1e-07,Est
MOZ,2002,18958338.0,12532741504.031143,2.057967711323108,2.27,661.07,1.1e-07,Est
MOZ,2003,19392475.0,13227094343.00602,2.0973051684585067,2.29,682.07,1.1e-07,Est
MOZ,2004,19840313.0,13791553438.236996,2.1908538745563506,2.31,695.13,1.1e-07,Est
MOZ,2005,20304569.0,14764827658.302818,2.286006817743936,2.34,727.17,1.1e-07,Est
MOZ,2006,20787087.0,15434601819.256918,2.430191019963872,2.38,742.51,1.2e-07,Est
MOZ,2007,21287635.0,16626943471.060514,3.235554141322567,2.41,781.06,1.5e-07,Est
MOZ,2008,21819036.0,17531405236.958435,3.371927449811051,2.5,803.49,1.5e-07,Est
MOZ,2009,22391745.0,18616508181.69322,3.28441139038649,2.62,831.4,1.5e-07,Est
MOZ,2010,22999235.0,19283997402.13544,3.851218903611288,2.71,838.46,1.7e-07,Est
MOZ,2011,23649039.0,20237511349.25941,3.4392853207696006,2.83,855.74,1.5e-07,Est
MOZ,2012,24337846.0,22826142979.345165,3.66888915350226,2.91,937.89,1.5e-07,Est
MOZ,2013,25051611.0,24360953317.265484,3.6413193614497534,2.93,972.43,1.5e-07,Est
MOZ,2014,25788475.0,25824557963.305885,3.7824931777626896,2.94,1001.4,1.5e-07,Est
MOZ,2015,26547572.0,26263409199.04147,3.927271178385705,2.94,989.3,1.5e-07,Est
MOZ,2016,27337105.0,28044997393.838577,4.038501245807196,2.97,1025.89,1.5e-07,Est
MOZ,2017,28166393.0,28196268109.30705,4.121114232219156,3.03,1001.06,1.5e-07,Est
MOZ,2018,29018644.0,29080820298.05635,4.201620120594408,3.03,1002.14,1.4e-07,Est
MOZ,2019,29884380.0,30788838033.987312,4.249763029722364,2.98,1030.27,1.4e-07,Est
MOZ,2020,30783688.0,30603042924.60128,4.275016238684295,3.01,994.13,1.4e-07,Est
MOZ,2021,31707800.0,32384602569.210697,4.126819287924125,3.0,1021.34,1.3e-07,Est
MOZ,2022,32656246.0,34730123541.10959,4.116405829354629,2.99,1063.51,1.3e-07,Est
MOZ,2023,33635160.0,37894259173.89736,4.168072714096272,3.0,1126.63,1.2e-07,Est
MOZ,2024,34631766.0,37814770856.62124,9.621351531147504,2.96,1091.91,2.8e-07,Est
MOZ,2025,35631653.0,20100242936.05772,9.621351531147504,2.89,564.11,2.7e-07,Est
MRT,1960,824298.0,20100242936.05772,9.621351531147504,0.0,17116.2325,1.167e-05,Ouest
MRT,1961,846167.0,20100242936.05772,9.621351531147504,2.65,17116.2325,1.137e-05,Ouest
MRT,1962,869184.0,20100242936.05772,9.621351531147504,2.72,17116.2325,1.107e-05,Ouest
MRT,1963,893423.0,20100242936.05772,9.621351531147504,2.79,17116.2325,1.077e-05,Ouest
MRT,1964,918955.0,20100242936.05772,9.621351531147504,2.86,17116.2325,1.047e-05,Ouest
MRT,1965,945838.0,20100242936.05772,9.621351531147504,2.93,17116.2325,1.017e-05,Ouest
MRT,1966,974157.0,20100242936.05772,9.621351531147504,2.99,17116.2325,9.88e-06,Ouest
MRT,1967,1003843.0,20100242936.05772,9.621351531147504,3.05,17116.2325,9.58e-06,Ouest
MRT,1968,1034739.0,20100242936.05772,9.621351531147504,3.08,17116.2325,9.3e-06,Ouest
MRT,1969,1066754.0,20100242936.05772,9.621351531147504,3.09,17116.2325,9.02e-06,Ouest
MRT,1970,1099806.0,20100242936.05772,9.621351531147504,3.1,17116.2325,8.75e-06,Ouest
MRT,1971,1133702.0,20100242936.05772,9.621351531147504,3.08,17116.2325,8.49e-06,Ouest
MRT,1972,1168355.0,20100242936.05772,9.621351531147504,3.06,17116.2325,8.23e-06,Ouest
MRT,1973,1203838.0,20100242936.05772,9.621351531147504,3.04,16696.8,7.99e-06,Ouest
MRT,1974,1240188.0,20100242936.05772,9.621351531147504,3.02,16207.42,7.76e-06,Ouest
MRT,1975,1277330.0,20100242936.05772,9.621351531147504,2.99,15736.14,7.53e-06,Ouest
MRT,1976,1315336.0,20100242936.05772,9.621351531147504,2.98,15281.45,7.31e-06,Ouest
MRT,1977,1353768.0,20100242936.05772,9.621351531147504,2.92,14847.63,7.11e-06,Ouest
MRT,1978,1392713.0,20100242936.05772,9.621351531147504,2.88,14432.44,6.91e-06,Ouest
MRT,1979,1432758.0,20100242936.05772,9.621351531147504,2.88,14029.06,6.72e-06,Ouest
MRT,1980,1474043.0,20100242936.05772,9.621351531147504,2.88,13636.13,6.53e-06,Ouest
MRT,1981,1516877.0,20100242936.05772,9.621351531147504,2.91,13251.07,6.34e-06,Ouest
MRT,1982,1561176.0,20100242936.05772,9.621351531147504,2.92,12875.07,6.16e-06,Ouest
MRT,1983,1606746.0,20100242936.05772,9.621351531147504,2.92,12509.91,5.99e-06,Ouest
MRT,1984,1653693.0,20100242936.05772,9.621351531147504,2.92,12154.76,5.82e-06,Ouest
MRT,1985,1702107.0,20100242936.05772,9.621351531147504,2.93,11809.04,5.65e-06,Ouest
MRT,1986,1751835.0,20100242936.05772,9.621351531147504,2.92,11473.82,5.49e-06,Ouest
MRT,1987,1803014.0,20100242936.05772,9.621351531147504,2.92,11148.13,5.34e-06,Ouest
MRT,1988,1855859.0,20100242936.05772,9.621351531147504,2.93,10830.7,5.18e-06,Ouest
MRT,1989,1903048.0,20100242936.05772,9.621351531147504,2.54,10562.13,5.06e-06,Ouest
MRT,1990,1951878.0,5348809746.994201,9.621351531147504,2.57,2740.34,4.93e-06,Ouest
MRT,1991,2009738.0,5091705473.402076,9.621351531147504,2.96,2533.52,4.79e-06,Ouest
MRT,1992,2088135.0,4846959592.576172,9.621351531147504,3.9,2321.19,4.61e-06,Ouest
MRT,1993,2174328.0,4729331137.94999,9.621351531147504,4.13,2175.08,4.42e-06,Ouest
MRT,1994,2249454.0,5282967311.016657,9.621351531147504,3.46,2348.56,4.28e-06,Ouest
MRT,1995,2312017.0,5220115731.7311125,9.621351531147504,2.78,2257.82,4.16e-06,Ouest
MRT,1996,2358188.0,5889647702.930825,9.621351531147504,2.0,2497.53,4.08e-06,Ouest
MRT,1997,2411306.0,5597850991.446769,9.621351531147504,2.25,2321.5,3.99e-06,Ouest
MRT,1998,2474651.0,6307522413.883608,9.621351531147504,2.63,2548.85,3.89e-06,Ouest
MRT,1999,2541698.0,6616514413.155393,9.621351531147504,2.71,2603.19,3.79e-06,Ouest
MRT,2000,2613441.0,6752950822.313467,9.621351531147504,2.82,2583.93,3.68e-06,Ouest
MRT,2001,2678760.0,6782238200.356843,9.621351531147504,2.5,2531.86,3.59e-06,Ouest
MRT,2002,2738655.0,7070796980.746674,9.621351531147504,2.24,2581.85,3.51e-06,Ouest
MRT,2003,2802046.0,7381788543.109781,9.621351531147504,2.31,2634.43,3.43e-06,Ouest
MRT,2004,2868664.0,7493240970.615873,9.621351531147504,2.38,2612.1,3.35e-06,Ouest
MRT,2005,2939059.0,7882138228.72628,9.621351531147504,2.45,2681.86,3.27e-06,Ouest
MRT,2006,3013660.0,8256627741.259889,9.621351531147504,2.54,2739.73,3.19e-06,Ouest
MRT,2007,3093059.0,8932609867.39967,9.621351531147504,2.63,2887.95,3.11e-06,Ouest
MRT,2008,3183269.0,9523559388.619955,9.621351531147504,2.92,2991.75,3.02e-06,Ouest
MRT,2009,3284448.0,9748879331.9395,9.621351531147504,3.18,2968.19,2.93e-06,Ouest
MRT,2010,3390965.0,10086357756.031662,9.621351531147504,3.24,2974.48,2.84e-06,Ouest
MRT,2011,3502811.0,10393046388.860256,9.621351531147504,3.3,2967.06,2.75e-06,Ouest
MRT,2012,3619034.0,11146958991.811909,9.621351531147504,3.32,3080.09,2.66e-06,Ouest
MRT,2013,3734318.0,11373612978.675642,9.621351531147504,3.19,3045.7,2.58e-06,Ouest
MRT,2014,3848514.0,11715363195.960178,9.621351531147504,3.06,3044.13,2.5e-06,Ouest
MRT,2015,3965959.0,12222939027.956385,9.621351531147504,3.05,3081.96,2.43e-06,Ouest
MRT,2016,4086657.0,12749311271.07154,9.621351531147504,3.04,3119.74,2.35e-06,Ouest
MRT,2017,4210600.0,13108775190.592976,9.621351531147504,3.03,3113.28,2.29e-06,Ouest
MRT,2018,4337685.0,13597691551.136047,9.621351531147504,3.02,3134.78,2.22e-06,Ouest
MRT,2019,4467708.0,13949871825.581629,9.621351531147504,3.0,3122.38,2.15e-06,Ouest
MRT,2020,4600131.0,14083244343.37362,9.621351531147504,2.96,3061.49,2.09e-06,Ouest
MRT,2021,4734874.0,14551545493.679672,9.621351531147504,2.93,3073.27,2.03e-06,Ouest
MRT,2022,4875637.0,15127208817.857525,9.621351531147504,2.97,3102.61,1.97e-06,Ouest
MRT,2023,5022441.0,15583340236.596249,9.621351531147504,3.01,3102.74,1.92e-06,Ouest
MRT,2024,5169395.0,16054466767.11063,9.621351531147504,2.93,3105.68,1.86e-06,Ouest
MRT,2025,5315065.0,20100242936.05772,9.621351531147504,2.82,3781.75,1.81e-06,Ouest
MUS,1960,680331.0,20100242936.05772,9.621351531147504,0.0,17116.2325,1.414e-05,Est
MUS,1961,680757.0,20100242936.05772,9.621351531147504,0.06,17116.2325,1.413e-05,Est
MUS,1962,700349.0,20100242936.05772,9.621351531147504,2.88,17116.2325,1.374e-05,Est
MUS,1963,718861.0,20100242936.05772,9.621351531147504,2.64,17116.2325,1.338e-05,Est
MUS,1964,736381.0,20100242936.05772,9.621351531147504,2.44,17116.2325,1.307e-05,Est
MUS,1965,753000.0,20100242936.05772,9.621351531147504,2.26,17116.2325,1.278e-05,Est
MUS,1966,768813.0,20100242936.05772,9.621351531147504,2.1,17116.2325,1.251e-05,Est
MUS,1967,783917.0,20100242936.05772,9.621351531147504,1.96,17116.2325,1.227e-05,Est
MUS,1968,798413.0,20100242936.05772,9.621351531147504,1.85,17116.2325,1.205e-05,Est
MUS,1969,812405.0,20100242936.05772,9.621351531147504,1.75,17116.2325,1.184e-05,Est
MUS,1970,826000.0,20100242936.05772,9.621351531147504,1.67,17116.2325,1.165e-05,Est
MUS,1971,839230.0,20100242936.05772,9.621351531147504,1.6,17116.2325,1.146e-05,Est
MUS,1972,852053.0,20100242936.05772,9.621351531147504,1.53,17116.2325,1.129e-05,Est
MUS,1973,864819.0,20100242936.05772,9.621351531147504,1.5,17116.2325,1.113e-05,Est
MUS,1974,878042.0,20100242936.05772,9.621351531147504,1.53,17116.2325,1.096e-05,Est
MUS,1975,892000.0,20100242936.05772,9.621351531147504,1.59,17116.2325,1.079e-05,Est
MUS,1976,906507.0,20100242936.05772,9.621351531147504,1.63,17116.2325,1.061e-05,Est
MUS,1977,921379.0,20100242936.05772,9.621351531147504,1.64,17116.2325,1.044e-05,Est
MUS,1978,933499.0,20100242936.05772,9.621351531147504,1.32,17116.2325,1.031e-05,Est
MUS,1979,949888.0,20100242936.05772,9.621351531147504,1.76,17116.2325,1.013e-05,Est
MUS,1980,966039.0,20100242936.05772,9.621351531147504,1.7,17116.2325,9.96e-06,Est
MUS,1981,980462.0,20100242936.05772,9.621351531147504,1.49,17116.2325,9.81e-06,Est
MUS,1982,992521.0,20100242936.05772,9.621351531147504,1.23,17116.2325,9.69e-06,Est
MUS,1983,1001691.0,20100242936.05772,9.621351531147504,0.92,17116.2325,9.61e-06,Est
MUS,1984,1012221.0,20100242936.05772,9.621351531147504,1.05,17116.2325,9.51e-06,Est
MUS,1985,1020528.0,20100242936.05772,9.621351531147504,0.82,17116.2325,9.43e-06,Est
MUS,1986,1028360.0,20100242936.05772,9.621351531147504,0.77,17116.2325,9.36e-06,Est
MUS,1987,1036082.0,20100242936.05772,9.621351531147504,0.75,17116.2325,9.29e-06,Est
MUS,1988,1043239.0,20100242936.05772,9.621351531147504,0.69,17116.2325,9.22e-06,Est
MUS,1989,1051260.0,20100242936.05772,9.621351531147504,0.77,17116.2325,9.15e-06,Est
MUS,1990,1058775.0,6348996332.639146,14.391790568544852,0.71,5996.55,1.359e-05,Est
MUS,1991,1070266.0,6669557278.056396,14.750992154056366,1.09,6231.68,1.378e-05,Est
MUS,1992,1084441.0,6990499359.525978,14.955739010530593,1.32,6446.18,1.379e-05,Est
MUS,1993,1097374.0,7364090283.56912,15.048692609992989,1.19,6710.65,1.371e-05,Est
MUS,1994,1112846.0,7794488424.572422,15.951901133853529,1.41,7004.1,1.433e-05,Est
MUS,1995,1122457.0,8167336007.326958,15.561758762294684,0.86,7276.3,1.386e-05,Est
MUS,1996,1133996.0,8569887011.944371,16.143030747349442,1.03,7557.25,1.424e-05,Est
MUS,1997,1148284.0,9006540889.515793,16.604006497313968,1.26,7843.48,1.446e-05,Est
MUS,1998,1160421.0,9561417565.794928,16.548562678981842,1.06,8239.61,1.426e-05,Est
MUS,1999,1175267.0,9949935311.661043,16.21655037921364,1.28,8466.11,1.38e-05,Est
MUS,2000,1186873.0,10337582019.429089,15.837714085025569,0.99,8709.93,1.334e-05,Est
MUS,2001,1196287.0,10644011691.686796,15.588113810446172,0.79,8897.54,1.303e-05,Est
MUS,2002,1204621.0,10995996058.172192,15.97472220625786,0.7,9128.18,1.326e-05,Est
MUS,2003,1213370.0,11512580296.485764,16.136474076615087,0.73,9488.1,1.33e-05,Est
MUS,2004,1221003.0,12471716872.42766,16.534449590965437,0.63,10214.32,1.354e-05,Est
MUS,2005,1228254.0,13372406449.938463,16.27058311596134,0.59,10887.33,1.325e-05,Est
MUS,2006,1233996.0,14165801747.632042,15.965480763867696,0.47,11479.62,1.294e-05,Est
MUS,2007,1239630.0,14797865737.067991,16.77685932461038,0.46,11937.32,1.353e-05,Est
MUS,2008,1244121.0,15790613852.112314,17.288858472997028,0.36,12692.18,1.39e-05,Est
MUS,2009,1247429.0,16120680252.421911,18.29929166075943,0.27,12923.12,1.4464999999999998e-05,Est
MUS,2010,1250400.0,16545670735.269022,18.125639046287183,0.24,13232.3,1.4464999999999998e-05,Est
MUS,2011,1252404.0,16960074589.200811,18.784471087660595,0.16,13542.02,1.4464999999999998e-05,Est
MUS,2012,1255882.0,17424921371.226765,19.15650702088669,0.28,13874.65,1.4464999999999998e-05,Est
MUS,2013,1258927.0,17884644345.227318,19.401248717150484,0.24,14206.26,1.4464999999999998e-05,Est
MUS,2014,1261208.0,18355060223.92012,19.76275897038043,0.18,14553.56,1.4464999999999998e-05,Est
MUS,2015,1262879.0,18893241404.636383,19.89447221456929,0.13,14960.45,1.4464999999999998e-05,Est
MUS,2016,1263747.0,19451293535.923264,20.65326341264949,0.07,15391.76,1.4464999999999998e-05,Est
MUS,2017,1264887.0,20079483950.60712,21.07145848341822,0.09,15874.53,1.4464999999999998e-05,Est
MUS,2018,1265577.0,20724959205.22414,22.17248723222314,0.05,16375.9,1.4464999999999998e-05,Est
MUS,2019,1265985.0,21378141667.270523,22.394304447421792,0.03,16886.57,1.4464999999999998e-05,Est
MUS,2020,1266014.0,18103425804.576115,21.69777189436094,0.0,14299.55,1.4464999999999998e-05,Est
MUS,2021,1266334.0,18651694838.763767,21.456144493891475,0.03,14728.89,1.4464999999999998e-05,Est
MUS,2022,1262523.0,19350011096.058,22.89413249171209,-0.3,15326.46,1.4464999999999998e-05,Est
MUS,2023,1248647.0,20013811423.40388,22.71804754128745,-1.1,16028.4,1.4464999999999998e-05,Est
MUS,2024,1245779.0,20636501202.92648,9.621351531147504,-0.23,16565.14,7.72e-06,Est
MUS,2025,1243741.0,20100242936.05772,9.621351531147504,-0.16,16161.12,7.74e-06,Est
MWI,1960,3628134.0,20100242936.05772,9.621351531147504,0.0,5540.1,2.65e-06,Est
MWI,1961,3715534.0,20100242936.05772,9.621351531147504,2.41,5409.79,2.59e-06,Est
MWI,1962,3806307.0,20100242936.05772,9.621351531147504,2.44,5280.77,2.53e-06,Est
MWI,1963,3900506.0,20100242936.05772,9.621351531147504,2.47,5153.24,2.47e-06,Est
MWI,1964,3997305.0,20100242936.05772,9.621351531147504,2.48,5028.45,2.41e-06,Est
MWI,1965,4096157.0,20100242936.05772,9.621351531147504,2.47,4907.1,2.35e-06,Est
MWI,1966,4197926.0,20100242936.05772,9.621351531147504,2.48,4788.14,2.29e-06,Est
MWI,1967,4303012.0,20100242936.05772,9.621351531147504,2.5,4671.2,2.24e-06,Est
MWI,1968,4411054.0,20100242936.05772,9.621351531147504,2.51,4556.79,2.18e-06,Est
MWI,1969,4521184.0,20100242936.05772,9.621351531147504,2.5,4445.79,2.13e-06,Est
MWI,1970,4633944.0,20100242936.05772,9.621351531147504,2.49,4337.61,2.08e-06,Est
MWI,1971,4751434.0,20100242936.05772,9.621351531147504,2.54,4230.35,2.02e-06,Est
MWI,1972,4874475.0,20100242936.05772,9.621351531147504,2.59,4123.57,1.97e-06,Est
MWI,1973,5003938.0,20100242936.05772,9.621351531147504,2.66,4016.88,1.92e-06,Est
MWI,1974,5141337.0,20100242936.05772,9.621351531147504,2.75,3909.54,1.87e-06,Est
MWI,1975,5287367.0,20100242936.05772,9.621351531147504,2.84,3801.56,1.82e-06,Est
MWI,1976,5443384.0,20100242936.05772,9.621351531147504,2.95,3692.6,1.77e-06,Est
MWI,1977,5614983.0,20100242936.05772,9.621351531147504,3.15,3579.75,1.71e-06,Est
MWI,1978,5810132.0,20100242936.05772,9.621351531147504,3.48,3459.52,1.66e-06,Est
MWI,1979,6028749.0,20100242936.05772,9.621351531147504,3.76,3334.07,1.6e-06,Est
MWI,1980,6265529.0,20100242936.05772,9.621351531147504,3.93,3208.07,1.54e-06,Est
MWI,1981,6516454.0,20100242936.05772,9.621351531147504,4.0,3084.54,1.48e-06,Est
MWI,1982,6778879.0,20100242936.05772,9.621351531147504,4.03,2965.13,1.42e-06,Est
MWI,1983,7051709.0,20100242936.05772,9.621351531147504,4.02,2850.41,1.36e-06,Est
MWI,1984,7332810.0,20100242936.05772,9.621351531147504,3.99,2741.14,1.31e-06,Est
MWI,1985,7620508.0,20100242936.05772,9.621351531147504,3.92,2637.65,1.26e-06,Est
MWI,1986,7906480.0,20100242936.05772,9.621351531147504,3.75,2542.25,1.22e-06,Est
MWI,1987,8293174.0,20100242936.05772,9.621351531147504,4.89,2423.71,1.16e-06,Est
MWI,1988,8753262.0,20100242936.05772,9.621351531147504,5.55,2296.31,1.1e-06,Est
MWI,1989,9176220.0,20100242936.05772,9.621351531147504,4.83,2190.47,1.05e-06,Est
MWI,1990,9545852.0,20100242936.05772,9.621351531147504,4.03,2105.65,1.01e-06,Est
MWI,1991,9844227.0,20100242936.05772,9.621351531147504,3.13,2041.83,9.8e-07,Est
MWI,1992,10135079.0,20100242936.05772,9.621351531147504,2.95,1983.23,9.5e-07,Est
MWI,1993,10284024.0,20100242936.05772,9.621351531147504,1.47,1954.51,9.4e-07,Est
MWI,1994,10164894.0,20100242936.05772,9.621351531147504,-1.16,1977.42,9.5e-07,Est
MWI,1995,10150117.0,20100242936.05772,9.621351531147504,-0.15,1980.3,9.5e-07,Est
MWI,1996,10352228.0,20100242936.05772,9.621351531147504,1.99,1941.63,9.3e-07,Est
MWI,1997,10562035.0,20100242936.05772,9.621351531147504,2.03,1903.07,9.1e-07,Est
MWI,1998,10792876.0,20100242936.05772,9.621351531147504,2.19,1862.36,8.9e-07,Est
MWI,1999,11047804.0,20100242936.05772,9.621351531147504,2.36,1819.39,8.7e-07,Est
MWI,2000,11315942.0,20100242936.05772,9.621351531147504,2.43,1776.28,8.5e-07,Est
MWI,2001,11593058.0,20100242936.05772,9.621351531147504,2.45,1733.82,8.3e-07,Est
MWI,2002,11880440.0,20100242936.05772,9.621351531147504,2.48,1691.88,8.1e-07,Est
MWI,2003,12181574.0,20100242936.05772,9.621351531147504,2.53,1650.05,7.9e-07,Est
MWI,2004,12500737.0,20100242936.05772,9.621351531147504,2.62,1607.92,7.7e-07,Est
MWI,2005,12840031.0,20100242936.05772,9.621351531147504,2.71,1565.44,7.5e-07,Est
MWI,2006,13198701.0,20100242936.05772,9.621351531147504,2.79,1522.9,7.3e-07,Est
MWI,2007,13576343.0,20100242936.05772,9.621351531147504,2.86,1480.53,7.1e-07,Est
MWI,2008,13976417.0,20100242936.05772,9.621351531147504,2.95,1438.15,6.9e-07,Est
MWI,2009,14395788.0,20100242936.05772,9.621351531147504,3.0,1396.26,6.7e-07,Est
MWI,2010,14826463.0,20100242936.05772,9.621351531147504,2.99,1355.7,6.5e-07,Est
MWI,2011,15265022.0,20100242936.05772,9.621351531147504,2.96,1316.75,6.3e-07,Est
MWI,2012,15709577.0,20100242936.05772,9.621351531147504,2.91,1279.49,6.1e-07,Est
MWI,2013,16161816.0,20100242936.05772,9.621351531147504,2.88,1243.69,6e-07,Est
MWI,2014,16621538.0,20100242936.05772,9.621351531147504,2.84,1209.29,5.8e-07,Est
MWI,2015,17085587.0,20100242936.05772,9.621351531147504,2.79,1176.44,5.6e-07,Est
MWI,2016,17557739.0,20100242936.05772,9.621351531147504,2.76,1144.81,5.5e-07,Est
MWI,2017,18039715.0,24076080711.97832,9.621351531147504,2.75,1334.62,5.3e-07,Est
MWI,2018,18528081.0,24038486979.72573,9.621351531147504,2.71,1297.41,5.2e-07,Est
MWI,2019,19025752.0,24152361812.330826,9.621351531147504,2.69,1269.46,5.1e-07,Est
MWI,2020,19533888.0,27301232355.018726,9.621351531147504,2.67,1397.63,4.9e-07,Est
MWI,2021,20047258.0,28281999124.156822,9.621351531147504,2.63,1410.77,4.8e-07,Est
MWI,2022,20568728.0,28518146350.337727,9.621351531147504,2.6,1386.48,4.7e-07,Est
MWI,2023,21104482.0,29718821806.244766,9.621351531147504,2.6,1408.18,4.6e-07,Est
MWI,2024,21655286.0,20100242936.05772,9.621351531147504,2.61,928.19,4.4e-07,Est
MWI,2025,22216120.0,20100242936.05772,9.621351531147504,2.59,904.76,4.3e-07,Est
NAM,1960,591465.0,20100242936.05772,9.621351531147504,0.0,17116.2325,1.4464999999999998e-05,Australe
NAM,1961,603067.0,20100242936.05772,9.621351531147504,1.96,17116.2325,1.4464999999999998e-05,Australe
NAM,1962,615759.0,20100242936.05772,9.621351531147504,2.1,17116.2325,1.4464999999999998e-05,Australe
NAM,1963,629589.0,20100242936.05772,9.621351531147504,2.25,17116.2325,1.4464999999999998e-05,Australe
NAM,1964,644530.0,20100242936.05772,9.621351531147504,2.37,17116.2325,1.4464999999999998e-05,Australe
NAM,1965,660558.0,20100242936.05772,9.621351531147504,2.49,17116.2325,1.4464999999999998e-05,Australe
NAM,1966,677655.0,20100242936.05772,9.621351531147504,2.59,17116.2325,1.42e-05,Australe
NAM,1967,696045.0,20100242936.05772,9.621351531147504,2.71,17116.2325,1.382e-05,Australe
NAM,1968,715542.0,20100242936.05772,9.621351531147504,2.8,17116.2325,1.345e-05,Australe
NAM,1969,736120.0,20100242936.05772,9.621351531147504,2.88,17116.2325,1.307e-05,Australe
NAM,1970,757868.0,20100242936.05772,9.621351531147504,2.95,17116.2325,1.27e-05,Australe
NAM,1971,780584.0,20100242936.05772,9.621351531147504,3.0,17116.2325,1.233e-05,Australe
NAM,1972,804399.0,20100242936.05772,9.621351531147504,3.05,17116.2325,1.196e-05,Australe
NAM,1973,828928.0,20100242936.05772,9.621351531147504,3.05,17116.2325,1.161e-05,Australe
NAM,1974,854320.0,20100242936.05772,9.621351531147504,3.06,17116.2325,1.126e-05,Australe
NAM,1975,881032.0,20100242936.05772,9.621351531147504,3.13,17116.2325,1.092e-05,Australe
NAM,1976,906566.0,20100242936.05772,9.621351531147504,2.9,17116.2325,1.061e-05,Australe
NAM,1977,931104.0,20100242936.05772,9.621351531147504,2.71,17116.2325,1.033e-05,Australe
NAM,1978,947269.0,20100242936.05772,9.621351531147504,1.74,17116.2325,1.016e-05,Australe
NAM,1979,962825.0,20100242936.05772,9.621351531147504,1.64,17116.2325,9.99e-06,Australe
NAM,1980,981434.0,20100242936.05772,9.621351531147504,1.93,17116.2325,9.8e-06,Australe
NAM,1981,992500.0,20100242936.05772,9.621351531147504,1.13,17116.2325,9.69e-06,Australe
NAM,1982,1010308.0,20100242936.05772,9.621351531147504,1.79,17116.2325,9.52e-06,Australe
NAM,1983,1037511.0,20100242936.05772,9.621351531147504,2.69,17116.2325,9.27e-06,Australe
NAM,1984,1065989.0,20100242936.05772,9.621351531147504,2.74,17116.2325,9.03e-06,Australe
NAM,1985,1096890.0,20100242936.05772,9.621351531147504,2.9,17116.2325,8.77e-06,Australe
NAM,1986,1131081.0,20100242936.05772,9.621351531147504,3.12,17116.2325,8.51e-06,Australe
NAM,1987,1167889.0,20100242936.05772,9.621351531147504,3.25,17116.2325,8.24e-06,Australe
NAM,1988,1209696.0,20100242936.05772,9.621351531147504,3.58,16615.95,7.95e-06,Australe
NAM,1989,1288947.0,20100242936.05772,9.621351531147504,6.55,15594.31,7.46e-06,Australe
NAM,1990,1369303.0,4470675367.885,9.621351531147504,6.23,3264.93,7.03e-06,Australe
NAM,1991,1415684.0,5121249426.394341,15.754954001889123,3.39,3617.51,1.113e-05,Australe
NAM,1992,1461322.0,4946266931.797679,15.919497748877786,3.22,3384.79,1.089e-05,Australe
NAM,1993,1508697.0,4935991777.087199,14.570599523800238,3.24,3271.69,9.66e-06,Australe
NAM,1994,1556304.0,4966633651.092224,13.793243814462032,3.16,3191.3,8.86e-06,Australe
NAM,1995,1602170.0,5118061584.9240265,13.108745438039469,2.95,3194.46,8.18e-06,Australe
NAM,1996,1646103.0,5664446485.625818,12.600961625987022,2.74,3441.13,7.66e-06,Australe
NAM,1997,1689264.0,6087335326.4176445,12.875738441578967,2.62,3603.54,7.62e-06,Australe
NAM,1998,1732745.0,6310230018.211291,12.813297436693205,2.57,3641.75,7.39e-06,Australe
NAM,1999,1776368.0,6395306032.487975,13.345597303016303,2.52,3600.21,7.51e-06,Australe
NAM,2000,1818647.0,6766303001.654882,13.633843290380108,2.38,3720.51,7.5e-06,Australe
NAM,2001,1857048.0,7375359469.329013,11.725490258819802,2.11,3971.55,6.31e-06,Australe
NAM,2002,1889970.0,7267398718.492504,13.327204140501593,1.77,3845.25,7.05e-06,Australe
NAM,2003,1917464.0,7871042442.181445,13.314653454749774,1.45,4104.92,6.94e-06,Australe
NAM,2004,1942082.0,8020718016.998994,13.85712939899937,1.28,4129.96,7.14e-06,Australe
NAM,2005,1966582.0,8083982580.079657,13.175972648058586,1.26,4110.68,6.7e-06,Australe
NAM,2006,1991888.0,8787063314.731085,14.128229717190903,1.29,4411.42,7.09e-06,Australe
NAM,2007,2018600.0,9324140773.021122,14.605950923204643,1.34,4619.11,7.24e-06,Australe
NAM,2008,2047056.0,10516419465.29288,13.598699367582425,1.41,5137.34,6.64e-06,Australe
NAM,2009,2077394.0,11978888043.85232,13.146396214949378,1.48,5766.31,6.33e-06,Australe
NAM,2010,2109811.0,11316671096.779736,16.257082970521964,1.56,5363.83,7.71e-06,Australe
NAM,2011,2146325.0,12321059457.331545,16.683570394299107,1.73,5740.54,7.77e-06,Australe
NAM,2012,2194654.0,13503434126.704569,16.88976212853184,2.25,6152.88,7.7e-06,Australe
NAM,2013,2252508.0,14780147159.53402,17.275781952003907,2.64,6561.64,7.67e-06,Australe
NAM,2014,2312139.0,15424215191.008717,17.362379220571107,2.65,6670.97,7.51e-06,Australe
NAM,2015,2374300.0,17542917654.29903,16.99158672115624,2.69,7388.67,7.16e-06,Australe
NAM,2016,2439213.0,20316960355.52393,15.618058171130665,2.73,8329.31,6.4e-06,Australe
NAM,2017,2506853.0,18944172021.7944,15.982924033704714,2.77,7556.95,6.38e-06,Australe
NAM,2018,2577327.0,18908075527.770588,15.29566659787315,2.81,7336.31,5.93e-06,Australe
NAM,2019,2650494.0,18888935155.55096,15.056739895781387,2.84,7126.57,5.68e-06,Australe
NAM,2020,2728762.0,17029150791.72301,14.241320906242713,2.95,6240.61,5.22e-06,Australe
NAM,2021,2810548.0,19513100618.54023,14.2700577470807,3.0,6942.81,5.08e-06,Australe
NAM,2022,2889662.0,21364749107.23456,14.413938135534416,2.81,7393.51,4.99e-06,Australe
NAM,2023,2963095.0,22371691765.957584,14.54523306385445,2.54,7550.11,4.91e-06,Australe
NAM,2024,3030131.0,25342070731.532394,9.621351531147504,2.26,8363.36,3.18e-06,Australe
NAM,2025,3092816.0,20100242936.05772,9.621351531147504,2.07,6499.01,3.11e-06,Australe
NER,1960,3505050.0,20100242936.05772,9.621351531147504,0.0,5734.65,2.74e-06,Ouest
NER,1961,3608162.0,20100242936.05772,9.621351531147504,2.94,5570.77,2.67e-06,Ouest
NER,1962,3714520.0,20100242936.05772,9.621351531147504,2.95,5411.26,2.59e-06,Ouest
NER,1963,3823873.0,20100242936.05772,9.621351531147504,2.94,5256.51,2.52e-06,Ouest
NER,1964,3935814.0,20100242936.05772,9.621351531147504,2.93,5107.01,2.44e-06,Ouest
NER,1965,4049695.0,20100242936.05772,9.621351531147504,2.89,4963.4,2.38e-06,Ouest
NER,1966,4165544.0,20100242936.05772,9.621351531147504,2.86,4825.36,2.31e-06,Ouest
NER,1967,4283590.0,20100242936.05772,9.621351531147504,2.83,4692.38,2.25e-06,Ouest
NER,1968,4403637.0,20100242936.05772,9.621351531147504,2.8,4564.46,2.18e-06,Ouest
NER,1969,4525725.0,20100242936.05772,9.621351531147504,2.77,4441.33,2.13e-06,Ouest
NER,1970,4650275.0,20100242936.05772,9.621351531147504,2.75,4322.38,2.07e-06,Ouest
NER,1971,4776225.0,20100242936.05772,9.621351531147504,2.71,4208.4,2.01e-06,Ouest
NER,1972,4904845.0,20100242936.05772,9.621351531147504,2.69,4098.04,1.96e-06,Ouest
NER,1973,5037865.0,20100242936.05772,9.621351531147504,2.71,3989.83,1.91e-06,Ouest
NER,1974,5174953.0,20100242936.05772,9.621351531147504,2.72,3884.14,1.86e-06,Ouest
NER,1975,5317019.0,20100242936.05772,9.621351531147504,2.75,3780.36,1.81e-06,Ouest
NER,1976,5464962.0,20100242936.05772,9.621351531147504,2.78,3678.02,1.76e-06,Ouest
NER,1977,5619716.0,20100242936.05772,9.621351531147504,2.83,3576.74,1.71e-06,Ouest
NER,1978,5782932.0,20100242936.05772,9.621351531147504,2.9,3475.79,1.66e-06,Ouest
NER,1979,5955556.0,20100242936.05772,9.621351531147504,2.99,3375.04,1.62e-06,Ouest
NER,1980,6135971.0,20100242936.05772,9.621351531147504,3.03,3275.8,1.57e-06,Ouest
NER,1981,6322006.0,20100242936.05772,9.621351531147504,3.03,3179.41,1.52e-06,Ouest
NER,1982,6512732.0,20100242936.05772,9.621351531147504,3.02,3086.3,1.48e-06,Ouest
NER,1983,6708644.0,20100242936.05772,9.621351531147504,3.01,2996.17,1.43e-06,Ouest
NER,1984,6909971.0,20100242936.05772,9.621351531147504,3.0,2908.88,1.39e-06,Ouest
NER,1985,7118457.0,20100242936.05772,9.621351531147504,3.02,2823.68,1.35e-06,Ouest
NER,1986,7335811.0,20100242936.05772,9.621351531147504,3.05,2740.02,1.31e-06,Ouest
NER,1987,7561150.0,20100242936.05772,9.621351531147504,3.07,2658.36,1.27e-06,Ouest
NER,1988,7793748.0,20100242936.05772,9.621351531147504,3.08,2579.02,1.23e-06,Ouest
NER,1989,8034780.0,20100242936.05772,9.621351531147504,3.09,2501.65,1.2e-06,Ouest
NER,1990,8286059.0,8800022467.663675,8.08156882914586,3.13,1062.03,9.8e-07,Ouest
NER,1991,8546900.0,9102039511.481174,7.879508563651264,3.15,1064.95,9.2e-07,Ouest
NER,1992,8817633.0,8608715974.505846,7.8573808191444945,3.17,976.31,8.9e-07,Ouest
NER,1993,9100789.0,9230803697.197,7.552992589315961,3.21,1014.29,8.3e-07,Ouest
NER,1994,9398258.0,9416816841.170069,7.492798101536802,3.27,1001.97,8e-07,Ouest
NER,1995,9714529.0,9940590296.305134,7.487284688602617,3.37,1023.27,7.7e-07,Ouest
NER,1996,10044852.0,9646341015.999249,7.171752354101914,3.4,960.33,7.1e-07,Ouest
NER,1997,10383969.0,9918434475.82236,5.8697464138960855,3.38,955.17,5.7e-07,Ouest
NER,1998,10741413.0,10210347308.443628,6.279805886502143,3.44,950.56,5.8e-07,Ouest
NER,1999,11117411.0,10533631481.83471,6.134822087638118,3.5,947.49,5.5e-07,Ouest
NER,2000,11509630.0,10397086169.978996,9.312369837508545,3.53,903.34,8.1e-07,Ouest
NER,2001,11920647.0,11113340934.440172,9.702422688996856,3.57,932.28,8.1e-07,Ouest
NER,2002,12349144.0,11671657951.326004,9.811931630821574,3.59,945.14,7.9e-07,Ouest
NER,2003,12796984.0,12118089192.44981,9.599674862992742,3.63,946.95,7.5e-07,Ouest
NER,2004,13265836.0,12554797741.926443,9.219511976172312,3.66,946.4,6.9e-07,Ouest
NER,2005,13756192.0,12712225454.059956,9.790231052046485,3.7,924.11,7.1e-07,Ouest
NER,2006,14268581.0,13215947319.451317,10.088612969724403,3.72,926.23,7.1e-07,Ouest
NER,2007,14803610.0,13740586593.47824,9.95232195434984,3.75,928.19,6.7e-07,Ouest
NER,2008,15361915.0,13745214774.60654,10.235312218123802,3.77,894.76,6.7e-07,Ouest
NER,2009,15943675.0,14607399445.648056,9.845292307282472,3.79,916.19,6.2e-07,Ouest
NER,2010,16548835.0,15558771717.875256,9.919138152737544,3.8,940.17,6e-07,Ouest
NER,2011,17176283.0,16182173099.884678,11.677034055039746,3.79,942.12,6.8e-07,Ouest
NER,2012,17836769.0,17389200217.465492,10.931439868875463,3.85,974.91,6.1e-07,Ouest
NER,2013,18519898.0,18185156157.62968,9.193472448104965,3.83,981.93,5e-07,Ouest
NER,2014,19215909.0,18554474697.57904,9.64304984875512,3.76,965.58,5e-07,Ouest
NER,2015,19939498.0,19830211351.56644,9.891092485774877,3.77,994.52,5e-07,Ouest
NER,2016,20685753.0,21735310181.461384,10.17285360440165,3.74,1050.74,4.9e-07,Ouest
NER,2017,21435446.0,23535985058.80461,10.56792485656495,3.62,1097.99,4.9e-07,Ouest
NER,2018,22188069.0,25081662273.06256,10.77564205347128,3.51,1130.41,4.9e-07,Ouest
NER,2019,22947757.0,26120780292.239075,10.887006798150637,3.42,1138.27,4.7e-07,Ouest
NER,2020,23717613.0,27497423519.431896,10.930478197038957,3.35,1159.37,4.6e-07,Ouest
NER,2021,24502140.0,28285963793.469585,10.56436861387074,3.31,1154.43,4.3e-07,Ouest
NER,2022,25311973.0,29977233285.98777,10.64446384652257,3.31,1184.31,4.2e-07,Ouest
NER,2023,26159867.0,30367050119.83633,10.477317875187204,3.35,1160.83,4e-07,Ouest
NER,2024,27032412.0,31308428673.312065,9.621351531147504,3.34,1158.18,3.6e-07,Ouest
NER,2025,27917831.0,20100242936.05772,9.621351531147504,3.28,719.98,3.4e-07,Ouest
NGA,1960,45053782.0,20100242936.05772,9.621351531147504,0.0,446.14,2.1e-07,Ouest
NGA,1961,45989310.0,20100242936.05772,9.621351531147504,2.08,437.06,2.1e-07,Ouest
NGA,1962,46965292.0,20100242936.05772,9.621351531147504,2.12,427.98,2e-07,Ouest
NGA,1963,47973575.0,20100242936.05772,9.621351531147504,2.15,418.99,2e-07,Ouest
NGA,1964,49012016.0,20100242936.05772,9.621351531147504,2.16,410.11,2e-07,Ouest
NGA,1965,50086764.0,20100242936.05772,9.621351531147504,2.19,401.31,1.9e-07,Ouest
NGA,1966,51188234.0,20100242936.05772,9.621351531147504,2.2,392.67,1.9e-07,Ouest
NGA,1967,52293065.0,20100242936.05772,9.621351531147504,2.16,384.38,1.8e-07,Ouest
NGA,1968,53432783.0,20100242936.05772,9.621351531147504,2.18,376.18,1.8e-07,Ouest
NGA,1969,54631914.0,20100242936.05772,9.621351531147504,2.24,367.92,1.8e-07,Ouest
NGA,1970,55893838.0,20100242936.05772,9.621351531147504,2.31,359.61,1.7e-07,Ouest
NGA,1971,57214684.0,20100242936.05772,9.621351531147504,2.36,351.31,1.7e-07,Ouest
NGA,1972,58601748.0,20100242936.05772,9.621351531147504,2.42,343.0,1.6e-07,Ouest
NGA,1973,60082139.0,20100242936.05772,9.621351531147504,2.53,334.55,1.6e-07,Ouest
NGA,1974,61679144.0,20100242936.05772,9.621351531147504,2.66,325.88,1.6e-07,Ouest
NGA,1975,63410815.0,20100242936.05772,9.621351531147504,2.81,316.98,1.5e-07,Ouest
NGA,1976,65258009.0,20100242936.05772,9.621351531147504,2.91,308.01,1.5e-07,Ouest
NGA,1977,67234590.0,20100242936.05772,9.621351531147504,3.03,298.96,1.4e-07,Ouest
NGA,1978,69326532.0,20100242936.05772,9.621351531147504,3.11,289.94,1.4e-07,Ouest
NGA,1979,71498242.0,20100242936.05772,9.621351531147504,3.13,281.13,1.3e-07,Ouest
NGA,1980,73764641.0,20100242936.05772,9.621351531147504,3.17,272.49,1.3e-07,Ouest
NGA,1981,76068103.0,20100242936.05772,9.621351531147504,3.12,264.24,1.3e-07,Ouest
NGA,1982,78378701.0,20100242936.05772,9.621351531147504,3.04,256.45,1.2e-07,Ouest
NGA,1983,80438260.0,20100242936.05772,9.621351531147504,2.63,249.88,1.2e-07,Ouest
NGA,1984,82526443.0,20100242936.05772,9.621351531147504,2.6,243.56,1.2e-07,Ouest
NGA,1985,84897973.0,20100242936.05772,9.621351531147504,2.87,236.76,1.1e-07,Ouest
NGA,1986,87235953.0,20100242936.05772,9.621351531147504,2.75,230.41,1.1e-07,Ouest
NGA,1987,89591716.0,20100242936.05772,9.621351531147504,2.7,224.35,1.1e-07,Ouest
NGA,1988,92020090.0,20100242936.05772,9.621351531147504,2.71,218.43,1e-07,Ouest
NGA,1989,94531014.0,20100242936.05772,9.621351531147504,2.73,212.63,1e-07,Ouest
NGA,1990,97120925.0,20100242936.05772,18.86668103605756,2.74,206.96,1.9e-07,Ouest
NGA,1991,99720162.0,20100242936.05772,17.750546937413517,2.68,201.57,1.8e-07,Ouest
NGA,1992,102372770.0,20100242936.05772,17.571976452014688,2.66,196.34,1.7e-07,Ouest
NGA,1993,105122069.0,20100242936.05772,17.20234449100073,2.69,191.21,1.6e-07,Ouest
NGA,1994,107935714.0,20100242936.05772,18.74110569972953,2.68,186.22,1.7e-07,Ouest
NGA,1995,110819428.0,20100242936.05772,18.67330244238158,2.67,181.38,1.7e-07,Ouest
NGA,1996,113754779.0,20100242936.05772,18.16598745980789,2.65,176.7,1.6e-07,Ouest
NGA,1997,116754792.0,20100242936.05772,17.53765303003024,2.64,172.16,1.5e-07,Ouest
NGA,1998,119846254.0,20100242936.05772,18.119947934973936,2.65,167.72,1.5e-07,Ouest
NGA,1999,123047320.0,20100242936.05772,17.568029660931987,2.67,163.35,1.4e-07,Ouest
NGA,2000,126382494.0,20100242936.05772,17.838251215343842,2.71,159.04,1.4e-07,Ouest
NGA,2001,129862595.0,20100242936.05772,17.8069289565106,2.75,154.78,1.4e-07,Ouest
NGA,2002,133471989.0,20100242936.05772,19.92794910182316,2.78,150.6,1.5e-07,Ouest
NGA,2003,137202644.0,20100242936.05772,19.89308969047545,2.8,146.5,1.4e-07,Ouest
NGA,2004,141057045.0,20100242936.05772,21.912247076054392,2.81,142.5,1.6e-07,Ouest
NGA,2005,145017253.0,20100242936.05772,21.273084525996897,2.81,138.61,1.5e-07,Ouest
NGA,2006,149077334.0,20100242936.05772,23.27653858168438,2.8,134.83,1.6e-07,Ouest
NGA,2007,153267261.0,20100242936.05772,24.666532072770977,2.81,131.15,1.6e-07,Ouest
NGA,2008,157595014.0,20100242936.05772,25.09547189900652,2.82,127.54,1.6e-07,Ouest
NGA,2009,162049464.0,20100242936.05772,29.07227763213712,2.83,124.04,1.8e-07,Ouest
NGA,2010,166642886.0,20100242936.05772,23.76378088935009,2.83,120.62,1.4e-07,Ouest
NGA,2011,171379598.0,20100242936.05772,21.653132123431924,2.84,117.28,1.3e-07,Ouest
NGA,2012,176200625.0,20100242936.05772,23.131890687714268,2.81,114.08,1.3e-07,Ouest
NGA,2013,181049443.0,20100242936.05772,24.39792318994732,2.75,111.02,1.3e-07,Ouest
NGA,2014,185896915.0,20100242936.05772,25.44047062415392,2.68,108.13,1.4e-07,Ouest
NGA,2015,190671878.0,20100242936.05772,27.760047610725007,2.57,105.42,1.5e-07,Ouest
NGA,2016,195443700.0,20100242936.05772,25.746756112213188,2.5,102.84,1.3e-07,Ouest
NGA,2017,200254579.0,20100242936.05772,26.51083214837907,2.46,100.37,1.3e-07,Ouest
NGA,2018,204938755.0,20100242936.05772,27.832968566399227,2.34,98.08,1.4e-07,Ouest
NGA,2019,209485641.0,20100242936.05772,25.258780638209,2.22,95.95,1.2e-07,Ouest
NGA,2020,213996181.0,20100242936.05772,23.621787080679933,2.15,93.93,1.1e-07,Ouest
NGA,2021,218529286.0,20100242936.05772,22.687629242177376,2.12,91.98,1e-07,Ouest
NGA,2022,223150896.0,20100242936.05772,23.231370644620863,2.11,90.07,1e-07,Ouest
NGA,2023,227882945.0,20100242936.05772,24.51961267832872,2.12,88.2,1.1e-07,Ouest
NGA,2024,232679478.0,20100242936.05772,9.621351531147504,2.1,86.39,4e-08,Ouest
NGA,2025,237527782.0,20100242936.05772,9.621351531147504,2.08,84.62,4e-08,Ouest
RWA,1960,3022294.0,20100242936.05772,9.621351531147504,0.0,6650.66,3.18e-06,Est
RWA,1961,3106779.0,20100242936.05772,9.621351531147504,2.8,6469.8,3.1e-06,Est
RWA,1962,3186025.0,20100242936.05772,9.621351531147504,2.55,6308.88,3.02e-06,Est
RWA,1963,3258890.0,20100242936.05772,9.621351531147504,2.29,6167.82,2.95e-06,Est
RWA,1964,3334834.0,20100242936.05772,9.621351531147504,2.33,6027.36,2.89e-06,Est
RWA,1965,3423210.0,20100242936.05772,9.621351531147504,2.65,5871.75,2.81e-06,Est
RWA,1966,3521626.0,20100242936.05772,9.621351531147504,2.87,5707.66,2.73e-06,Est
RWA,1967,3629577.0,20100242936.05772,9.621351531147504,3.07,5537.9,2.65e-06,Est
RWA,1968,3744010.0,20100242936.05772,9.621351531147504,3.15,5368.64,2.57e-06,Est
RWA,1969,3861271.0,20100242936.05772,9.621351531147504,3.13,5205.6,2.49e-06,Est
RWA,1970,3980669.0,20100242936.05772,9.621351531147504,3.09,5049.46,2.42e-06,Est
RWA,1971,4100044.0,20100242936.05772,9.621351531147504,3.0,4902.45,2.35e-06,Est
RWA,1972,4220335.0,20100242936.05772,9.621351531147504,2.93,4762.71,2.28e-06,Est
RWA,1973,4345047.0,20100242936.05772,9.621351531147504,2.96,4626.01,2.21e-06,Est
RWA,1974,4474228.0,20100242936.05772,9.621351531147504,2.97,4492.45,2.15e-06,Est
RWA,1975,4607728.0,20100242936.05772,9.621351531147504,2.98,4362.29,2.09e-06,Est
RWA,1976,4745954.0,20100242936.05772,9.621351531147504,3.0,4235.24,2.03e-06,Est
RWA,1977,4888240.0,20100242936.05772,9.621351531147504,3.0,4111.96,1.97e-06,Est
RWA,1978,5035171.0,20100242936.05772,9.621351531147504,3.01,3991.97,1.91e-06,Est
RWA,1979,5189541.0,20100242936.05772,9.621351531147504,3.07,3873.22,1.85e-06,Est
RWA,1980,5353259.0,20100242936.05772,9.621351531147504,3.15,3754.77,1.8e-06,Est
RWA,1981,5527230.0,20100242936.05772,9.621351531147504,3.25,3636.59,1.74e-06,Est
RWA,1982,5711549.0,20100242936.05772,9.621351531147504,3.33,3519.23,1.68e-06,Est
RWA,1983,5905311.0,20100242936.05772,9.621351531147504,3.39,3403.76,1.63e-06,Est
RWA,1984,6107627.0,20100242936.05772,9.621351531147504,3.43,3291.01,1.58e-06,Est
RWA,1985,6317228.0,20100242936.05772,9.621351531147504,3.43,3181.81,1.52e-06,Est
RWA,1986,6531881.0,20100242936.05772,9.621351531147504,3.4,3077.25,1.47e-06,Est
RWA,1987,6749493.0,20100242936.05772,9.621351531147504,3.33,2978.04,1.43e-06,Est
RWA,1988,6968071.0,20100242936.05772,9.621351531147504,3.24,2884.62,1.38e-06,Est
RWA,1989,7184706.0,20100242936.05772,9.621351531147504,3.11,2797.64,1.34e-06,Est
RWA,1990,7375307.0,5409069925.496236,1.233991896965852,2.65,733.4,1.7e-07,Est
RWA,1991,7526966.0,6017059137.215485,1.2774004746655652,2.06,799.4,1.7e-07,Est
RWA,1992,7683266.0,6092050815.69478,1.4666346153454977,2.08,792.9,1.9e-07,Est
RWA,1993,7981132.0,5796244091.461607,1.4320248475964124,3.88,726.24,1.8e-07,Est
RWA,1994,6792352.0,4545678554.005202,0.6712267988518021,-14.89,669.23,1e-07,Est
RWA,1995,5674118.0,4618397840.959554,0.8111307395240904,-16.46,813.94,1.4e-07,Est
RWA,1996,6708764.0,4980040398.950044,0.8822277606229417,18.23,742.32,1.3e-07,Est
RWA,1997,7755238.0,5471122274.537912,0.8724358396032299,15.6,705.47,1.1e-07,Est
RWA,1998,8081681.0,6224523825.6358185,1.7608679109735617,4.21,770.2,2.2e-07,Est
RWA,1999,8147912.0,7226732293.619241,1.7872936937441597,0.82,886.94,2.2e-07,Est
RWA,2000,8213931.0,8080278929.240389,2.464949740624782,0.81,983.73,3e-07,Est
RWA,2001,8287094.0,8437734241.960171,2.6733359922142936,0.89,1018.18,3.2e-07,Est
RWA,2002,8400180.0,9585759683.615717,2.984087024750356,1.36,1141.14,3.6e-07,Est
RWA,2003,8586875.0,9160909546.704086,3.0617680499005435,2.22,1066.85,3.6e-07,Est
RWA,2004,8816844.0,9778482694.43041,3.2680209689124218,2.68,1109.07,3.7e-07,Est
RWA,2005,9054528.0,10630290233.481468,3.8151987236825327,2.7,1174.03,4.2e-07,Est
RWA,2006,9299246.0,11715756272.37945,4.06547653544814,2.7,1259.86,4.4e-07,Est
RWA,2007,9549933.0,12020353241.799292,4.298217190543095,2.7,1258.68,4.5e-07,Est
RWA,2008,9804269.0,12968154565.32186,4.66293956413087,2.66,1322.7,4.8e-07,Est
RWA,2009,10060432.0,14247579326.206991,4.7876991334438,2.61,1416.2,4.8e-07,Est
RWA,2010,10317553.0,15041206026.882902,5.027162135970017,2.56,1457.83,4.9e-07,Est
RWA,2011,10573733.0,16391803217.175575,5.2760838510554295,2.48,1550.24,5e-07,Est
RWA,2012,10829901.0,17472562826.683712,5.539545512849508,2.42,1613.36,5.1e-07,Est
RWA,2013,11093340.0,18202806525.524967,5.653011795175272,2.43,1640.88,5.1e-07,Est
RWA,2014,11364757.0,19369051735.713936,5.90530946521348,2.45,1704.31,5.2e-07,Est
RWA,2015,11640022.0,21694283329.64443,6.315903756326821,2.42,1863.77,5.4e-07,Est
RWA,2016,11919183.0,22608865157.42841,6.585719582527548,2.4,1896.85,5.5e-07,Est
RWA,2017,12202060.0,22401871319.686844,6.620855233146256,2.37,1835.91,5.4e-07,Est
RWA,2018,12487996.0,24564423084.38657,6.970441645454061,2.34,1967.04,5.6e-07,Est
RWA,2019,12776103.0,25058389261.59967,7.441448816156797,2.31,1961.35,5.8e-07,Est
RWA,2020,13065837.0,25377097183.15641,7.035088788786298,2.27,1942.25,5.4e-07,Est
RWA,2021,13355260.0,26897648841.26665,7.536785873577578,2.22,2014.01,5.6e-07,Est
RWA,2022,13651030.0,30148681695.482246,7.8200947864769565,2.21,2208.53,5.7e-07,Est
RWA,2023,13954471.0,33116456174.21534,8.23528698539269,2.22,2373.18,5.9e-07,Est
RWA,2024,14256567.0,34508261578.3142,9.621351531147504,2.16,2420.52,6.7e-07,Est
RWA,2025,14569341.0,20100242936.05772,9.621351531147504,2.19,1379.63,6.6e-07,Est
SDN,1960,8364489.0,20100242936.05772,9.621351531147504,0.0,2403.04,1.15e-06,Nord
SDN,1961,8634941.0,20100242936.05772,9.621351531147504,3.23,2327.78,1.11e-06,Nord
SDN,1962,8919028.0,20100242936.05772,9.621351531147504,3.29,2253.64,1.08e-06,Nord
SDN,1963,9218077.0,20100242936.05772,9.621351531147504,3.35,2180.52,1.04e-06,Nord
SDN,1964,9531109.0,20100242936.05772,9.621351531147504,3.4,2108.91,1.01e-06,Nord
SDN,1965,9858030.0,20100242936.05772,9.621351531147504,3.43,2038.97,9.8e-07,Nord
SDN,1966,10197578.0,20100242936.05772,9.621351531147504,3.44,1971.08,9.4e-07,Nord
SDN,1967,10550597.0,20100242936.05772,9.621351531147504,3.46,1905.13,9.1e-07,Nord
SDN,1968,10917999.0,20100242936.05772,9.621351531147504,3.48,1841.02,8.8e-07,Nord
SDN,1969,11298936.0,20100242936.05772,9.621351531147504,3.49,1778.95,8.5e-07,Nord
SDN,1970,11695771.0,20100242936.05772,9.621351531147504,3.51,1718.59,8.2e-07,Nord
SDN,1971,12105539.0,20100242936.05772,9.621351531147504,3.5,1660.42,7.9e-07,Nord
SDN,1972,12527856.0,20100242936.05772,9.621351531147504,3.49,1604.44,7.7e-07,Nord
SDN,1973,13049315.0,20100242936.05772,9.621351531147504,4.16,1540.33,7.4e-07,Nord
SDN,1974,13580723.0,20100242936.05772,9.621351531147504,4.07,1480.06,7.1e-07,Nord
SDN,1975,14064798.0,20100242936.05772,9.621351531147504,3.56,1429.12,6.8e-07,Nord
SDN,1976,14569716.0,20100242936.05772,9.621351531147504,3.59,1379.59,6.6e-07,Nord
SDN,1977,15086614.0,20100242936.05772,9.621351531147504,3.55,1332.32,6.4e-07,Nord
SDN,1978,15695003.0,20100242936.05772,9.621351531147504,4.03,1280.68,6.1e-07,Nord
SDN,1979,16355352.0,20100242936.05772,9.621351531147504,4.21,1228.97,5.9e-07,Nord
SDN,1980,17058905.0,20100242936.05772,9.621351531147504,4.3,1178.28,5.6e-07,Nord
SDN,1981,17780572.0,20100242936.05772,9.621351531147504,4.23,1130.46,5.4e-07,Nord
SDN,1982,18486645.0,20100242936.05772,9.621351531147504,3.97,1087.28,5.2e-07,Nord
SDN,1983,19109770.0,20100242936.05772,9.621351531147504,3.37,1051.83,5e-07,Nord
SDN,1984,19546528.0,20100242936.05772,9.621351531147504,2.29,1028.33,4.9e-07,Nord
SDN,1985,19905872.0,20100242936.05772,9.621351531147504,1.84,1009.76,4.8e-07,Nord
SDN,1986,20288238.0,20100242936.05772,9.621351531147504,1.92,990.73,4.7e-07,Nord
SDN,1987,20704904.0,20100242936.05772,9.621351531147504,2.05,970.8,4.6e-07,Nord
SDN,1988,21138431.0,20100242936.05772,9.621351531147504,2.09,950.89,4.6e-07,Nord
SDN,1989,21578022.0,20100242936.05772,9.621351531147504,2.08,931.51,4.5e-07,Nord
SDN,1990,22021481.0,48001259772.608086,6.192482135889127,2.06,2179.75,2.8e-07,Nord
SDN,1991,22470676.0,51034857055.89523,6.67042222925321,2.04,2271.18,3e-07,Nord
SDN,1992,22927355.0,54059318323.761925,7.113981447735164,2.03,2357.85,3.1e-07,Nord
SDN,1993,23445592.0,57568931507.01692,7.659729015011191,2.26,2455.43,3.3e-07,Nord
SDN,1994,24043948.0,59523792372.91706,6.674787255479685,2.55,2475.62,2.8e-07,Nord
SDN,1995,24672143.0,59704081406.66273,7.04867706240395,2.61,2419.9,2.9e-07,Nord
SDN,1996,25231528.0,61816271708.12371,7.288218824060385,2.27,2449.96,2.9e-07,Nord
SDN,1997,25799821.0,65326150274.4156,8.447588837874717,2.25,2532.04,3.3e-07,Nord
SDN,1998,26458999.0,68167697351.7372,8.715281304042154,2.55,2576.35,3.3e-07,Nord
SDN,1999,27130613.0,70842818761.13,8.099014822522161,2.54,2611.18,3e-07,Nord
SDN,2000,27816745.0,68023768844.4255,8.936826837059671,2.53,2445.43,3.2e-07,Nord
SDN,2001,28516770.0,74790122391.40991,9.14830613446482,2.52,2622.67,3.2e-07,Nord
SDN,2002,29228727.0,76275253451.7829,9.033349531483644,2.5,2609.6,3.1e-07,Nord
SDN,2003,29896035.0,79717087807.41562,9.887343689443496,2.28,2666.48,3.3e-07,Nord
SDN,2004,30556637.0,90530964600.77753,10.38233884207732,2.21,2962.73,3.4e-07,Nord
SDN,2005,31262444.0,96068212779.40796,10.623691529104322,2.31,3072.96,3.4e-07,Nord
SDN,2006,31992435.0,103321363006.5335,10.569875661154946,2.34,3229.56,3.3e-07,Nord
SDN,2007,32764135.0,106020384751.2212,11.615260857135397,2.41,3235.87,3.5e-07,Nord
SDN,2008,33623980.0,107695506883.12308,11.870537808823286,2.62,3202.94,3.5e-07,Nord
SDN,2009,34569113.0,110922969092.08585,11.020730436645737,2.81,3208.73,3.2e-07,Nord
SDN,2010,35414399.0,119460710484.85796,12.103531009802014,2.45,3373.22,3.4e-07,Nord
SDN,2011,36140806.0,98122465388.34576,10.918386877004789,2.05,2715.0,3e-07,Nord
SDN,2012,36923178.0,93618644378.56355,10.612548525907592,2.16,2535.5,2.9e-07,Nord
SDN,2013,37785849.0,98580432319.54115,8.706216449136422,2.34,2608.92,2.3e-07,Nord
SDN,2014,38823318.0,108438475673.51048,8.84498418158124,2.75,2793.13,2.3e-07,Nord
SDN,2015,40024431.0,112887673533.38889,8.975539653962553,3.09,2820.47,2.2e-07,Nord
SDN,2016,41259892.0,118532057149.05072,9.30791164060725,3.09,2872.82,2.3e-07,Nord
SDN,2017,42714306.0,120739878075.33684,9.164280341912187,3.53,2826.68,2.1e-07,Nord
SDN,2018,44230596.0,118082458629.61868,8.770101309851091,3.55,2669.7,2e-07,Nord
SDN,2019,45548175.0,117406624426.65369,8.32615302145196,2.98,2577.64,1.8e-07,Nord
SDN,2020,46789231.0,113419245517.49924,8.054649827531088,2.72,2424.05,1.7e-07,Nord
SDN,2021,48066924.0,112454508629.7379,7.623781930210089,2.73,2339.54,1.6e-07,Nord
SDN,2022,49383346.0,111588608925.9785,7.60440344576609,2.74,2259.64,1.5e-07,Nord
SDN,2023,50042791.0,79897443949.51543,5.8581875147266445,1.34,1596.58,1.2e-07,Nord
SDN,2024,50448963.0,66954058018.71258,9.621351531147504,0.81,1327.16,1.9e-07,Nord
SDN,2025,51662147.0,20100242936.05772,9.621351531147504,2.4,389.07,1.9e-07,Nord
SEN,1960,3340907.0,20100242936.05772,9.621351531147504,0.0,6016.4,2.88e-06,Ouest
SEN,1961,3436375.0,20100242936.05772,9.621351531147504,2.86,5849.26,2.8e-06,Ouest
SEN,1962,3534686.0,20100242936.05772,9.621351531147504,2.86,5686.57,2.72e-06,Ouest
SEN,1963,3635876.0,20100242936.05772,9.621351531147504,2.86,5528.31,2.65e-06,Ouest
SEN,1964,3740535.0,20100242936.05772,9.621351531147504,2.88,5373.63,2.57e-06,Ouest
SEN,1965,3849788.0,20100242936.05772,9.621351531147504,2.92,5221.13,2.5e-06,Ouest
SEN,1966,3964299.0,20100242936.05772,9.621351531147504,2.97,5070.31,2.43e-06,Ouest
SEN,1967,4083870.0,20100242936.05772,9.621351531147504,3.02,4921.86,2.36e-06,Ouest
SEN,1968,4207587.0,20100242936.05772,9.621351531147504,3.03,4777.14,2.29e-06,Ouest
SEN,1969,4334974.0,20100242936.05772,9.621351531147504,3.03,4636.76,2.22e-06,Ouest
SEN,1970,4466328.0,20100242936.05772,9.621351531147504,3.03,4500.4,2.15e-06,Ouest
SEN,1971,4601864.0,20100242936.05772,9.621351531147504,3.03,4367.85,2.09e-06,Ouest
SEN,1972,4741631.0,20100242936.05772,9.621351531147504,3.04,4239.1,2.03e-06,Ouest
SEN,1973,4885181.0,20100242936.05772,9.621351531147504,3.03,4114.53,1.97e-06,Ouest
SEN,1974,5029437.0,20100242936.05772,9.621351531147504,2.95,3996.52,1.91e-06,Ouest
SEN,1975,5170810.0,20100242936.05772,9.621351531147504,2.81,3887.25,1.86e-06,Ouest
SEN,1976,5308564.0,20100242936.05772,9.621351531147504,2.66,3786.38,1.81e-06,Ouest
SEN,1977,5439549.0,20100242936.05772,9.621351531147504,2.47,3695.2,1.77e-06,Ouest
SEN,1978,5568096.0,20100242936.05772,9.621351531147504,2.36,3609.9,1.73e-06,Ouest
SEN,1979,5702895.0,20100242936.05772,9.621351531147504,2.42,3524.57,1.69e-06,Ouest
SEN,1980,5845638.0,20100242936.05772,9.621351531147504,2.5,3438.5,1.65e-06,Ouest
SEN,1981,5997160.0,20100242936.05772,9.621351531147504,2.59,3351.63,1.6e-06,Ouest
SEN,1982,6156961.0,20100242936.05772,9.621351531147504,2.66,3264.64,1.56e-06,Ouest
SEN,1983,6324504.0,20100242936.05772,9.621351531147504,2.72,3178.15,1.52e-06,Ouest
SEN,1984,6499364.0,20100242936.05772,9.621351531147504,2.76,3092.65,1.48e-06,Ouest
SEN,1985,6683287.0,20100242936.05772,9.621351531147504,2.83,3007.54,1.44e-06,Ouest
SEN,1986,6878192.0,20100242936.05772,9.621351531147504,2.92,2922.31,1.4e-06,Ouest
SEN,1987,7081530.0,20100242936.05772,9.621351531147504,2.96,2838.4,1.36e-06,Ouest
SEN,1988,7289618.0,20100242936.05772,9.621351531147504,2.94,2757.38,1.32e-06,Ouest
SEN,1989,7502207.0,20100242936.05772,9.621351531147504,2.92,2679.24,1.28e-06,Ouest
SEN,1990,7720523.0,15156922786.831612,13.382098292890497,2.91,1963.2,1.73e-06,Ouest
SEN,1991,7943085.0,15493149249.408312,13.842938250614896,2.88,1950.52,1.74e-06,Ouest
SEN,1992,8168395.0,15902156689.74149,13.194786148844912,2.84,1946.79,1.62e-06,Ouest
SEN,1993,8396288.0,16729321301.848291,13.419842276509469,2.79,1992.47,1.6e-06,Ouest
SEN,1994,8624078.0,15986071972.53943,13.504968029439352,2.71,1853.66,1.57e-06,Ouest
SEN,1995,8848101.0,16486461837.744003,13.45001439652136,2.6,1863.28,1.52e-06,Ouest
SEN,1996,9067014.0,16923188207.372068,13.398095198812488,2.47,1866.46,1.48e-06,Ouest
SEN,1997,9283495.0,17135945844.972109,13.020560400290597,2.39,1845.85,1.4e-06,Ouest
SEN,1998,9502952.0,18465333986.892536,13.058467950929025,2.36,1943.12,1.37e-06,Ouest
SEN,1999,9730887.0,20471535779.30682,13.164696150610558,2.4,2103.77,1.35e-06,Ouest
SEN,2000,9968260.0,21152159752.27048,12.858181553288036,2.44,2121.95,1.29e-06,Ouest
SEN,2001,10212942.0,22402666705.53925,12.409138246886268,2.45,2193.56,1.22e-06,Ouest
SEN,2002,10466214.0,22675784722.496346,12.306527651946334,2.48,2166.57,1.18e-06,Ouest
SEN,2003,10721176.0,23849469222.2317,13.442923453811266,2.44,2224.52,1.25e-06,Ouest
SEN,2004,10975704.0,24419981805.187668,13.117718806828812,2.37,2224.91,1.2e-06,Ouest
SEN,2005,11235472.0,25256950982.28399,13.39830706174052,2.37,2247.97,1.19e-06,Ouest
SEN,2006,11500094.0,26492204105.66567,13.663797491619288,2.36,2303.65,1.19e-06,Ouest
SEN,2007,11770344.0,27446196802.141144,13.069970742735748,2.35,2331.81,1.11e-06,Ouest
SEN,2008,12048959.0,28498518930.920647,12.960096813736817,2.37,2365.23,1.08e-06,Ouest
SEN,2009,12337389.0,29426352840.77357,11.06354075678942,2.39,2385.14,9e-07,Ouest
SEN,2010,12635413.0,30072893438.797653,10.860248945428692,2.42,2380.05,8.6e-07,Ouest
SEN,2011,12958897.0,30291817806.42784,10.592040321532515,2.56,2337.53,8.2e-07,Ouest
SEN,2012,13310495.0,31157526251.18131,11.259586554252897,2.71,2340.82,8.5e-07,Ouest
SEN,2013,13710849.0,32121184854.005184,12.489329392806292,3.01,2342.76,9.1e-07,Ouest
SEN,2014,14152102.0,33808719056.061825,12.231214127727156,3.22,2388.95,8.6e-07,Ouest
SEN,2015,14593331.0,35309920245.24934,12.10946760201175,3.12,2419.59,8.3e-07,Ouest
SEN,2016,15034521.0,37177845377.34506,12.925129514315588,3.02,2472.83,8.6e-07,Ouest
SEN,2017,15475002.0,38992408954.92638,13.925098910245923,2.93,2519.7,9e-07,Ouest
SEN,2018,15914498.0,40844147168.87663,14.57212788479858,2.84,2566.47,9.2e-07,Ouest
SEN,2019,16352922.0,42406992210.11563,13.634173181636204,2.75,2593.24,8.3e-07,Ouest
SEN,2020,16789219.0,43388269086.274345,14.319059603743018,2.67,2584.29,8.5e-07,Ouest
SEN,2021,17220867.0,44846053871.58912,14.187812446140804,2.57,2604.17,8.2e-07,Ouest
SEN,2022,17651103.0,46569527582.105576,13.383511914571097,2.5,2638.34,7.6e-07,Ouest
SEN,2023,18077573.0,48897379230.96871,14.790422941241363,2.42,2704.86,8.2e-07,Ouest
SEN,2024,18501984.0,50348491484.51367,9.621351531147504,2.35,2721.25,5.2e-07,Ouest
SEN,2025,18931966.0,20100242936.05772,9.621351531147504,2.32,1061.71,5.1e-07,Ouest
SLE,1960,2268356.0,20100242936.05772,9.621351531147504,0.0,8861.15,4.24e-06,Ouest
SLE,1961,2304227.0,20100242936.05772,9.621351531147504,1.58,8723.2,4.18e-06,Ouest
SLE,1962,2342242.0,20100242936.05772,9.621351531147504,1.65,8581.63,4.11e-06,Ouest
SLE,1963,2382258.0,20100242936.05772,9.621351531147504,1.71,8437.48,4.04e-06,Ouest
SLE,1964,2424390.0,20100242936.05772,9.621351531147504,1.77,8290.85,3.97e-06,Ouest
SLE,1965,2468666.0,20100242936.05772,9.621351531147504,1.83,8142.15,3.9e-06,Ouest
SLE,1966,2514638.0,20100242936.05772,9.621351531147504,1.86,7993.29,3.83e-06,Ouest
SLE,1967,2562384.0,20100242936.05772,9.621351531147504,1.9,7844.35,3.75e-06,Ouest
SLE,1968,2611532.0,20100242936.05772,9.621351531147504,1.92,7696.72,3.68e-06,Ouest
SLE,1969,2661365.0,20100242936.05772,9.621351531147504,1.91,7552.61,3.62e-06,Ouest
SLE,1970,2712286.0,20100242936.05772,9.621351531147504,1.91,7410.81,3.55e-06,Ouest
SLE,1971,2763222.0,20100242936.05772,9.621351531147504,1.88,7274.2,3.48e-06,Ouest
SLE,1972,2814388.0,20100242936.05772,9.621351531147504,1.85,7141.96,3.42e-06,Ouest
SLE,1973,2866955.0,20100242936.05772,9.621351531147504,1.87,7011.01,3.36e-06,Ouest
SLE,1974,2920459.0,20100242936.05772,9.621351531147504,1.87,6882.56,3.29e-06,Ouest
SLE,1975,2974657.0,20100242936.05772,9.621351531147504,1.86,6757.16,3.23e-06,Ouest
SLE,1976,3028820.0,20100242936.05772,9.621351531147504,1.82,6636.33,3.18e-06,Ouest
SLE,1977,3085354.0,20100242936.05772,9.621351531147504,1.87,6514.73,3.12e-06,Ouest
SLE,1978,3145517.0,20100242936.05772,9.621351531147504,1.95,6390.12,3.06e-06,Ouest
SLE,1979,3207499.0,20100242936.05772,9.621351531147504,1.97,6266.64,3e-06,Ouest
SLE,1980,3272089.0,20100242936.05772,9.621351531147504,2.01,6142.94,2.94e-06,Ouest
SLE,1981,3338940.0,20100242936.05772,9.621351531147504,2.04,6019.95,2.88e-06,Ouest
SLE,1982,3408183.0,20100242936.05772,9.621351531147504,2.07,5897.64,2.82e-06,Ouest
SLE,1983,3481646.0,20100242936.05772,9.621351531147504,2.16,5773.2,2.76e-06,Ouest
SLE,1984,3558758.0,20100242936.05772,9.621351531147504,2.21,5648.11,2.7e-06,Ouest
SLE,1985,3638438.0,20100242936.05772,9.621351531147504,2.24,5524.42,2.64e-06,Ouest
SLE,1986,3728380.0,20100242936.05772,9.621351531147504,2.47,5391.15,2.58e-06,Ouest
SLE,1987,3829718.0,20100242936.05772,9.621351531147504,2.72,5248.49,2.51e-06,Ouest
SLE,1988,3934517.0,20100242936.05772,9.621351531147504,2.74,5108.69,2.45e-06,Ouest
SLE,1989,4034037.0,20100242936.05772,9.621351531147504,2.53,4982.66,2.39e-06,Ouest
SLE,1990,4196828.0,5805882933.49957,9.621351531147504,4.04,1383.4,2.29e-06,Ouest
SLE,1991,4246267.0,5784835655.437613,9.621351531147504,1.18,1362.33,2.27e-06,Ouest
SLE,1992,4166366.0,5212726386.957458,9.621351531147504,-1.88,1251.14,2.31e-06,Ouest
SLE,1993,4157130.0,5511747748.108237,9.621351531147504,-0.22,1325.85,2.31e-06,Ouest
SLE,1994,4173105.0,4491632771.091974,9.621351531147504,0.38,1076.33,2.31e-06,Ouest
SLE,1995,4179179.0,5544972256.36166,9.621351531147504,0.15,1326.81,2.3e-06,Ouest
SLE,1996,4199210.0,5842941158.203366,9.621351531147504,0.48,1391.44,2.29e-06,Ouest
SLE,1997,4253716.0,4859132776.334653,9.621351531147504,1.3,1142.33,2.26e-06,Ouest
SLE,1998,4295785.0,4706915967.060065,9.621351531147504,0.99,1095.71,2.24e-06,Ouest
SLE,1999,4318043.0,4420748541.220087,9.621351531147504,0.52,1023.79,2.23e-06,Ouest
SLE,2000,4423611.0,4497495946.404713,9.621351531147504,2.44,1016.7,2.17e-06,Ouest
SLE,2001,4692716.0,5790548497.169432,9.621351531147504,6.08,1233.94,2.05e-06,Ouest
SLE,2002,4971435.0,7130404737.137239,9.621351531147504,5.94,1434.27,1.94e-06,Ouest
SLE,2003,5177687.0,7609258606.578776,9.621351531147504,4.15,1469.63,1.86e-06,Ouest
SLE,2004,5355717.0,7912583318.251168,9.621351531147504,3.44,1477.41,1.8e-06,Ouest
SLE,2005,5501712.0,8032875694.140726,9.621351531147504,2.73,1460.07,1.75e-06,Ouest
SLE,2006,5624466.0,8112691395.287676,9.621351531147504,2.23,1442.39,1.71e-06,Ouest
SLE,2007,5749352.0,8764675214.506653,9.621351531147504,2.22,1524.46,1.67e-06,Ouest
SLE,2008,5894722.0,9488950311.369354,9.621351531147504,2.53,1609.74,1.63e-06,Ouest
SLE,2009,6055646.0,10136804222.776606,9.621351531147504,2.73,1673.94,1.59e-06,Ouest
SLE,2010,6222714.0,8396170541.952801,9.621351531147504,2.76,1349.28,1.55e-06,Ouest
SLE,2011,6387251.0,11406869733.663332,9.621351531147504,2.64,1785.88,1.51e-06,Ouest
SLE,2012,6551080.0,12829367242.057837,9.621351531147504,2.56,1958.36,1.47e-06,Ouest
SLE,2013,6714051.0,17423199100.65533,9.621351531147504,2.49,2595.04,1.43e-06,Ouest
SLE,2014,6876385.0,16911261655.515709,9.621351531147504,2.42,2459.32,1.4e-06,Ouest
SLE,2015,7037655.0,13881857321.888216,9.621351531147504,2.35,1972.51,1.37e-06,Ouest
SLE,2016,7205328.0,15933752499.172825,9.621351531147504,2.38,2211.38,1.34e-06,Ouest
SLE,2017,7379299.0,16657220391.67582,9.621351531147504,2.41,2257.29,1.3e-06,Ouest
SLE,2018,7554563.0,19473883254.21284,9.621351531147504,2.38,2577.76,1.27e-06,Ouest
SLE,2019,7731991.0,21243727684.65742,9.621351531147504,2.35,2747.51,1.24e-06,Ouest
SLE,2020,7912558.0,19820920426.039345,9.621351531147504,2.34,2505.0,1.22e-06,Ouest
SLE,2021,8094602.0,20971984881.901142,9.621351531147504,2.3,2590.86,1.19e-06,Ouest
SLE,2022,8276807.0,22529406829.44056,9.621351531147504,2.25,2721.99,1.16e-06,Ouest
SLE,2023,8460512.0,23022424703.14117,9.621351531147504,2.22,2721.16,1.14e-06,Ouest
SLE,2024,8642022.0,19853747598.539425,9.621351531147504,2.15,2297.35,1.11e-06,Ouest
SLE,2025,8819794.0,20100242936.05772,9.621351531147504,2.06,2278.99,1.09e-06,Ouest
SOM,1960,2876331.0,20100242936.05772,9.621351531147504,0.0,6988.15,3.35e-06,Est
SOM,1961,2952054.0,20100242936.05772,9.621351531147504,2.63,6808.9,3.26e-06,Est
SOM,1962,3030091.0,20100242936.05772,9.621351531147504,2.64,6633.54,3.18e-06,Est
SOM,1963,3110361.0,20100242936.05772,9.621351531147504,2.65,6462.35,3.09e-06,Est
SOM,1964,3192796.0,20100242936.05772,9.621351531147504,2.65,6295.5,3.01e-06,Est
SOM,1965,3277874.0,20100242936.05772,9.621351531147504,2.66,6132.1,2.94e-06,Est
SOM,1966,3365106.0,20100242936.05772,9.621351531147504,2.66,5973.14,2.86e-06,Est
SOM,1967,3454537.0,20100242936.05772,9.621351531147504,2.66,5818.51,2.79e-06,Est
SOM,1968,3546590.0,20100242936.05772,9.621351531147504,2.66,5667.48,2.71e-06,Est
SOM,1969,3641015.0,20100242936.05772,9.621351531147504,2.66,5520.51,2.64e-06,Est
SOM,1970,3738448.0,20100242936.05772,9.621351531147504,2.68,5376.63,2.57e-06,Est
SOM,1971,3837691.0,20100242936.05772,9.621351531147504,2.65,5237.59,2.51e-06,Est
SOM,1972,3939436.0,20100242936.05772,9.621351531147504,2.65,5102.31,2.44e-06,Est
SOM,1973,4045592.0,20100242936.05772,9.621351531147504,2.69,4968.43,2.38e-06,Est
SOM,1974,4151842.0,20100242936.05772,9.621351531147504,2.63,4841.28,2.32e-06,Est
SOM,1975,4257535.0,20100242936.05772,9.621351531147504,2.55,4721.1,2.26e-06,Est
SOM,1976,4365812.0,20100242936.05772,9.621351531147504,2.54,4604.01,2.2e-06,Est
SOM,1977,4484050.0,20100242936.05772,9.621351531147504,2.71,4482.61,2.15e-06,Est
SOM,1978,4814892.0,20100242936.05772,9.621351531147504,7.38,4174.6,2e-06,Est
SOM,1979,5449117.0,20100242936.05772,9.621351531147504,13.17,3688.72,1.77e-06,Est
SOM,1980,5936154.0,20100242936.05772,9.621351531147504,8.94,3386.07,1.62e-06,Est
SOM,1981,5982849.0,20100242936.05772,9.621351531147504,0.79,3359.64,1.61e-06,Est
SOM,1982,6003840.0,20100242936.05772,9.621351531147504,0.35,3347.9,1.6e-06,Est
SOM,1983,6198430.0,20100242936.05772,9.621351531147504,3.24,3242.8,1.55e-06,Est
SOM,1984,6428389.0,20100242936.05772,9.621351531147504,3.71,3126.79,1.5e-06,Est
SOM,1985,6693289.0,20100242936.05772,9.621351531147504,4.12,3003.04,1.44e-06,Est
SOM,1986,6974788.0,20100242936.05772,9.621351531147504,4.21,2881.84,1.38e-06,Est
SOM,1987,7228302.0,20100242936.05772,9.621351531147504,3.63,2780.77,1.33e-06,Est
SOM,1988,7235360.0,20100242936.05772,9.621351531147504,0.1,2778.06,1.33e-06,Est
SOM,1989,7114817.0,20100242936.05772,9.621351531147504,-1.67,2825.12,1.35e-06,Est
SOM,1990,7082811.0,20100242936.05772,9.621351531147504,-0.45,2837.89,1.36e-06,Est
SOM,1991,6813760.0,20100242936.05772,9.621351531147504,-3.8,2949.95,1.41e-06,Est
SOM,1992,6495107.0,20100242936.05772,9.621351531147504,-4.68,3094.67,1.48e-06,Est
SOM,1993,6681399.0,20100242936.05772,9.621351531147504,2.87,3008.39,1.44e-06,Est
SOM,1994,7026797.0,20100242936.05772,9.621351531147504,5.17,2860.51,1.37e-06,Est
SOM,1995,7285007.0,20100242936.05772,9.621351531147504,3.67,2759.12,1.32e-06,Est
SOM,1996,7554474.0,20100242936.05772,9.621351531147504,3.7,2660.71,1.27e-06,Est
SOM,1997,7824525.0,20100242936.05772,9.621351531147504,3.57,2568.88,1.23e-06,Est
SOM,1998,8155417.0,20100242936.05772,9.621351531147504,4.23,2464.65,1.18e-06,Est
SOM,1999,8492059.0,20100242936.05772,9.621351531147504,4.13,2366.95,1.13e-06,Est
SOM,2000,8838713.0,20100242936.05772,9.621351531147504,4.08,2274.11,1.09e-06,Est
SOM,2001,9198493.0,20100242936.05772,9.621351531147504,4.07,2185.17,1.05e-06,Est
SOM,2002,9550063.0,20100242936.05772,9.621351531147504,3.82,2104.72,1.01e-06,Est
SOM,2003,9909157.0,20100242936.05772,9.621351531147504,3.76,2028.45,9.7e-07,Est
SOM,2004,10280998.0,20100242936.05772,9.621351531147504,3.75,1955.09,9.4e-07,Est
SOM,2005,10644228.0,20100242936.05772,9.621351531147504,3.53,1888.37,9e-07,Est
SOM,2006,10975502.0,20100242936.05772,9.621351531147504,3.11,1831.37,8.8e-07,Est
SOM,2007,11322582.0,20100242936.05772,9.621351531147504,3.16,1775.23,8.5e-07,Est
SOM,2008,11663084.0,20100242936.05772,9.621351531147504,3.01,1723.41,8.2e-07,Est
SOM,2009,11961201.0,20100242936.05772,9.621351531147504,2.56,1680.45,8e-07,Est
SOM,2010,12261756.0,20100242936.05772,9.621351531147504,2.51,1639.26,7.8e-07,Est
SOM,2011,12348830.0,20100242936.05772,9.621351531147504,0.71,1627.7,7.8e-07,Est
SOM,2012,12461160.0,20100242936.05772,9.621351531147504,0.91,1613.03,7.7e-07,Est
SOM,2013,12869594.0,18888432447.38363,9.621351531147504,3.28,1467.68,7.5e-07,Est
SOM,2014,13339491.0,20540801050.75577,9.621351531147504,3.65,1539.85,7.2e-07,Est
SOM,2015,13806963.0,22304243432.990013,9.621351531147504,3.5,1615.43,7e-07,Est
SOM,2016,14348740.0,23924850599.092182,9.621351531147504,3.92,1667.38,6.7e-07,Est
SOM,2017,14916629.0,27633135790.120502,9.621351531147504,3.96,1852.51,6.5e-07,Est
SOM,2018,15452487.0,28234343353.9445,9.621351531147504,3.59,1827.17,6.2e-07,Est
SOM,2019,16030971.0,28439649308.830708,9.621351531147504,3.74,1774.04,6e-07,Est
SOM,2020,16651191.0,28236730632.48969,9.621351531147504,3.87,1695.78,5.8e-07,Est
SOM,2021,17271431.0,28912330460.778034,9.621351531147504,3.72,1674.0,5.6e-07,Est
SOM,2022,17801897.0,30277853788.625862,9.621351531147504,3.07,1700.82,5.4e-07,Est
SOM,2023,18358615.0,31975208834.25489,9.621351531147504,3.13,1741.7,5.2e-07,Est
SOM,2024,19009151.0,34780261124.85139,9.621351531147504,3.54,1829.66,5.1e-07,Est
SOM,2025,19654739.0,20100242936.05772,9.621351531147504,3.4,1022.67,4.9e-07,Est
SSD,1960,2931559.0,20100242936.05772,9.621351531147504,0.0,6856.5,3.28e-06,Est
SSD,1961,2976724.0,20100242936.05772,9.621351531147504,1.54,6752.47,3.23e-06,Est
SSD,1962,3024308.0,20100242936.05772,9.621351531147504,1.6,6646.23,3.18e-06,Est
SSD,1963,3072669.0,20100242936.05772,9.621351531147504,1.6,6541.62,3.13e-06,Est
SSD,1964,3129918.0,20100242936.05772,9.621351531147504,1.86,6421.97,3.07e-06,Est
SSD,1965,3189835.0,20100242936.05772,9.621351531147504,1.91,6301.34,3.02e-06,Est
SSD,1966,3236423.0,20100242936.05772,9.621351531147504,1.46,6210.64,2.97e-06,Est
SSD,1967,3277648.0,20100242936.05772,9.621351531147504,1.27,6132.52,2.94e-06,Est
SSD,1968,3321528.0,20100242936.05772,9.621351531147504,1.34,6051.5,2.9e-06,Est
SSD,1969,3365533.0,20100242936.05772,9.621351531147504,1.32,5972.38,2.86e-06,Est
SSD,1970,3409614.0,20100242936.05772,9.621351531147504,1.31,5895.17,2.82e-06,Est
SSD,1971,3468646.0,20100242936.05772,9.621351531147504,1.73,5794.84,2.77e-06,Est
SSD,1972,3542497.0,20100242936.05772,9.621351531147504,2.13,5674.03,2.72e-06,Est
SSD,1973,3627383.0,20100242936.05772,9.621351531147504,2.4,5541.25,2.65e-06,Est
SSD,1974,3723259.0,20100242936.05772,9.621351531147504,2.64,5398.56,2.58e-06,Est
SSD,1975,3821494.0,20100242936.05772,9.621351531147504,2.64,5259.79,2.52e-06,Est
SSD,1976,3921910.0,20100242936.05772,9.621351531147504,2.63,5125.12,2.45e-06,Est
SSD,1977,4024032.0,20100242936.05772,9.621351531147504,2.6,4995.05,2.39e-06,Est
SSD,1978,4127657.0,20100242936.05772,9.621351531147504,2.58,4869.65,2.33e-06,Est
SSD,1979,4232605.0,20100242936.05772,9.621351531147504,2.54,4748.91,2.27e-06,Est
SSD,1980,4339030.0,20100242936.05772,9.621351531147504,2.51,4632.43,2.22e-06,Est
SSD,1981,4447272.0,20100242936.05772,9.621351531147504,2.49,4519.68,2.16e-06,Est
SSD,1982,4557686.0,20100242936.05772,9.621351531147504,2.48,4410.19,2.11e-06,Est
SSD,1983,4661574.0,20100242936.05772,9.621351531147504,2.28,4311.9,2.06e-06,Est
SSD,1984,4750627.0,20100242936.05772,9.621351531147504,1.91,4231.07,2.03e-06,Est
SSD,1985,4834296.0,20100242936.05772,9.621351531147504,1.76,4157.84,1.99e-06,Est
SSD,1986,4921240.0,20100242936.05772,9.621351531147504,1.8,4084.39,1.96e-06,Est
SSD,1987,4962395.0,20100242936.05772,9.621351531147504,0.84,4050.51,1.94e-06,Est
SSD,1988,4848029.0,20100242936.05772,9.621351531147504,-2.3,4146.06,1.98e-06,Est
SSD,1989,4713229.0,20100242936.05772,9.621351531147504,-2.78,4264.64,2.04e-06,Est
SSD,1990,4737633.0,20100242936.05772,9.621351531147504,0.52,4242.68,2.03e-06,Est
SSD,1991,4836677.0,20100242936.05772,9.621351531147504,2.09,4155.8,1.99e-06,Est
SSD,1992,4909749.0,20100242936.05772,9.621351531147504,1.51,4093.95,1.96e-06,Est
SSD,1993,4956002.0,20100242936.05772,9.621351531147504,0.94,4055.74,1.94e-06,Est
SSD,1994,5071184.0,20100242936.05772,9.621351531147504,2.32,3963.62,1.9e-06,Est
SSD,1995,5225836.0,20100242936.05772,9.621351531147504,3.05,3846.32,1.84e-06,Est
SSD,1996,5356925.0,20100242936.05772,9.621351531147504,2.51,3752.2,1.8e-06,Est
SSD,1997,5509136.0,20100242936.05772,9.621351531147504,2.84,3648.53,1.75e-06,Est
SSD,1998,5620068.0,20100242936.05772,9.621351531147504,2.01,3576.51,1.71e-06,Est
SSD,1999,5771628.0,20100242936.05772,9.621351531147504,2.7,3482.6,1.67e-06,Est
SSD,2000,6032267.0,20100242936.05772,9.621351531147504,4.52,3332.12,1.59e-06,Est
SSD,2001,6308391.0,20100242936.05772,9.621351531147504,4.58,3186.27,1.53e-06,Est
SSD,2002,6596806.0,20100242936.05772,9.621351531147504,4.57,3046.97,1.46e-06,Est
SSD,2003,6903127.0,20100242936.05772,9.621351531147504,4.64,2911.76,1.39e-06,Est
SSD,2004,7233041.0,20100242936.05772,9.621351531147504,4.78,2778.95,1.33e-06,Est
SSD,2005,7590143.0,20100242936.05772,9.621351531147504,4.94,2648.2,1.27e-06,Est
SSD,2006,7976526.0,20100242936.05772,9.621351531147504,5.09,2519.92,1.21e-06,Est
SSD,2007,8388788.0,20100242936.05772,9.621351531147504,5.17,2396.08,1.15e-06,Est
SSD,2008,8817647.0,20100242936.05772,9.621351531147504,5.11,2279.55,1.09e-06,Est
SSD,2009,9243556.0,20100242936.05772,9.621351531147504,4.83,2174.51,1.04e-06,Est
SSD,2010,9745953.0,20100242936.05772,9.621351531147504,5.44,2062.42,9.9e-07,Est
SSD,2011,10288109.0,20100242936.05772,9.621351531147504,5.56,1953.74,9.4e-07,Est
SSD,2012,10756240.0,20100242936.05772,9.621351531147504,4.55,1868.71,8.9e-07,Est
SSD,2013,11166275.0,20100242936.05772,9.621351531147504,3.81,1800.08,8.6e-07,Est
SSD,2014,11235073.0,20100242936.05772,9.621351531147504,0.62,1789.06,8.6e-07,Est
SSD,2015,11107561.0,20100242936.05772,9.621351531147504,-1.13,1809.6,8.7e-07,Est
SSD,2016,10830102.0,20100242936.05772,9.621351531147504,-2.5,1855.96,8.9e-07,Est
SSD,2017,10259154.0,20100242936.05772,9.621351531147504,-5.27,1959.25,9.4e-07,Est
SSD,2018,10122977.0,20100242936.05772,9.621351531147504,-1.33,1985.61,9.5e-07,Est
SSD,2019,10423384.0,20100242936.05772,9.621351531147504,2.97,1928.38,9.2e-07,Est
SSD,2020,10698467.0,20100242936.05772,9.621351531147504,2.64,1878.8,9e-07,Est
SSD,2021,10865780.0,20100242936.05772,9.621351531147504,1.56,1849.87,8.9e-07,Est
SSD,2022,11021177.0,20100242936.05772,9.621351531147504,1.43,1823.78,8.7e-07,Est
SSD,2023,11483374.0,20100242936.05772,9.621351531147504,4.19,1750.38,8.4e-07,Est
SSD,2024,11943408.0,20100242936.05772,9.621351531147504,4.01,1682.96,8.1e-07,Est
SSD,2025,12188788.0,20100242936.05772,9.621351531147504,2.05,1649.08,7.9e-07,Est
STP,1960,68012.0,20100242936.05772,9.621351531147504,0.0,17116.2325,1.4464999999999998e-05,Centrale
STP,1961,68707.0,20100242936.05772,9.621351531147504,1.02,17116.2325,1.4464999999999998e-05,Centrale
STP,1962,69403.0,20100242936.05772,9.621351531147504,1.01,17116.2325,1.4464999999999998e-05,Centrale
STP,1963,70112.0,20100242936.05772,9.621351531147504,1.02,17116.2325,1.4464999999999998e-05,Centrale
STP,1964,70865.0,20100242936.05772,9.621351531147504,1.07,17116.2325,1.4464999999999998e-05,Centrale
STP,1965,71680.0,20100242936.05772,9.621351531147504,1.15,17116.2325,1.4464999999999998e-05,Centrale
STP,1966,72576.0,20100242936.05772,9.621351531147504,1.25,17116.2325,1.4464999999999998e-05,Centrale
STP,1967,73596.0,20100242936.05772,9.621351531147504,1.41,17116.2325,1.4464999999999998e-05,Centrale
STP,1968,74765.0,20100242936.05772,9.621351531147504,1.59,17116.2325,1.4464999999999998e-05,Centrale
STP,1969,76083.0,20100242936.05772,9.621351531147504,1.76,17116.2325,1.4464999999999998e-05,Centrale
STP,1970,77626.0,20100242936.05772,9.621351531147504,2.03,17116.2325,1.4464999999999998e-05,Centrale
STP,1971,79330.0,20100242936.05772,9.621351531147504,2.2,17116.2325,1.4464999999999998e-05,Centrale
STP,1972,81041.0,20100242936.05772,9.621351531147504,2.16,17116.2325,1.4464999999999998e-05,Centrale
STP,1973,82798.0,20100242936.05772,9.621351531147504,2.17,17116.2325,1.4464999999999998e-05,Centrale
STP,1974,84672.0,20100242936.05772,9.621351531147504,2.26,17116.2325,1.4464999999999998e-05,Centrale
STP,1975,86708.0,20100242936.05772,9.621351531147504,2.4,17116.2325,1.4464999999999998e-05,Centrale
STP,1976,88922.0,20100242936.05772,9.621351531147504,2.55,17116.2325,1.4464999999999998e-05,Centrale
STP,1977,91301.0,20100242936.05772,9.621351531147504,2.68,17116.2325,1.4464999999999998e-05,Centrale
STP,1978,93794.0,20100242936.05772,9.621351531147504,2.73,17116.2325,1.4464999999999998e-05,Centrale
STP,1979,96252.0,20100242936.05772,9.621351531147504,2.62,17116.2325,1.4464999999999998e-05,Centrale
STP,1980,98544.0,20100242936.05772,9.621351531147504,2.38,17116.2325,1.4464999999999998e-05,Centrale
STP,1981,100615.0,20100242936.05772,9.621351531147504,2.1,17116.2325,1.4464999999999998e-05,Centrale
STP,1982,102508.0,20100242936.05772,9.621351531147504,1.88,17116.2325,1.4464999999999998e-05,Centrale
STP,1983,104380.0,20100242936.05772,9.621351531147504,1.83,17116.2325,1.4464999999999998e-05,Centrale
STP,1984,106394.0,20100242936.05772,9.621351531147504,1.93,17116.2325,1.4464999999999998e-05,Centrale
STP,1985,108658.0,20100242936.05772,9.621351531147504,2.13,17116.2325,1.4464999999999998e-05,Centrale
STP,1986,111150.0,20100242936.05772,9.621351531147504,2.29,17116.2325,1.4464999999999998e-05,Centrale
STP,1987,113919.0,20100242936.05772,9.621351531147504,2.49,17116.2325,1.4464999999999998e-05,Centrale
STP,1988,116939.0,20100242936.05772,9.621351531147504,2.65,17116.2325,1.4464999999999998e-05,Centrale
STP,1989,119979.0,20100242936.05772,9.621351531147504,2.6,17116.2325,1.4464999999999998e-05,Centrale
STP,1990,122980.0,20100242936.05772,20.35998961358364,2.5,17116.2325,1.4464999999999998e-05,Centrale
STP,1991,125697.0,20100242936.05772,9.621351531147504,2.21,17116.2325,1.4464999999999998e-05,Centrale
STP,1992,128110.0,20100242936.05772,9.621351531147504,1.92,17116.2325,1.4464999999999998e-05,Centrale
STP,1993,130467.0,20100242936.05772,9.621351531147504,1.84,17116.2325,1.4464999999999998e-05,Centrale
STP,1994,132732.0,20100242936.05772,9.621351531147504,1.74,17116.2325,1.4464999999999998e-05,Centrale
STP,1995,134895.0,20100242936.05772,9.621351531147504,1.63,17116.2325,1.4464999999999998e-05,Centrale
STP,1996,136962.0,20100242936.05772,9.621351531147504,1.53,17116.2325,1.4464999999999998e-05,Centrale
STP,1997,138922.0,20100242936.05772,9.621351531147504,1.43,17116.2325,1.4464999999999998e-05,Centrale
STP,1998,140751.0,20100242936.05772,9.621351531147504,1.32,17116.2325,1.4464999999999998e-05,Centrale
STP,1999,142442.0,20100242936.05772,9.621351531147504,1.2,17116.2325,1.4464999999999998e-05,Centrale
STP,2000,144018.0,20100242936.05772,9.621351531147504,1.11,17116.2325,1.4464999999999998e-05,Centrale
STP,2001,146375.0,20100242936.05772,9.621351531147504,1.64,17116.2325,1.4464999999999998e-05,Centrale
STP,2002,149922.0,20100242936.05772,9.621351531147504,2.42,17116.2325,1.4464999999999998e-05,Centrale
STP,2003,153814.0,20100242936.05772,9.621351531147504,2.6,17116.2325,1.4464999999999998e-05,Centrale
STP,2004,157705.0,20100242936.05772,17.44118472496614,2.53,17116.2325,1.4464999999999998e-05,Centrale
STP,2005,161639.0,20100242936.05772,16.432661362054684,2.49,17116.2325,1.4464999999999998e-05,Centrale
STP,2006,165638.0,20100242936.05772,17.483017291601826,2.47,17116.2325,1.4464999999999998e-05,Centrale
STP,2007,169700.0,20100242936.05772,18.1196564450964,2.45,17116.2325,1.4464999999999998e-05,Centrale
STP,2008,173793.0,20100242936.05772,9.621351531147504,2.41,17116.2325,1.4464999999999998e-05,Centrale
STP,2009,177853.0,20100242936.05772,9.621351531147504,2.34,17116.2325,1.4464999999999998e-05,Centrale
STP,2010,181802.0,20100242936.05772,9.621351531147504,2.22,17116.2325,1.4464999999999998e-05,Centrale
STP,2011,185649.0,20100242936.05772,9.621351531147504,2.12,17116.2325,1.4464999999999998e-05,Centrale
STP,2012,189439.0,20100242936.05772,9.621351531147504,2.04,17116.2325,1.4464999999999998e-05,Centrale
STP,2013,193148.0,20100242936.05772,9.621351531147504,1.96,17116.2325,1.4464999999999998e-05,Centrale
STP,2014,196767.0,20100242936.05772,9.621351531147504,1.87,17116.2325,1.4464999999999998e-05,Centrale
STP,2015,200291.0,20100242936.05772,9.621351531147504,1.79,17116.2325,1.4464999999999998e-05,Centrale
STP,2016,203689.0,20100242936.05772,9.621351531147504,1.7,17116.2325,1.4464999999999998e-05,Centrale
STP,2017,206970.0,20100242936.05772,9.621351531147504,1.61,17116.2325,1.4464999999999998e-05,Centrale
STP,2018,210187.0,20100242936.05772,9.621351531147504,1.55,17116.2325,1.4464999999999998e-05,Centrale
STP,2019,213392.0,20100242936.05772,9.621351531147504,1.52,17116.2325,1.4464999999999998e-05,Centrale
STP,2020,217435.0,20100242936.05772,9.621351531147504,1.89,17116.2325,1.4464999999999998e-05,Centrale
STP,2021,221961.0,20100242936.05772,9.621351531147504,2.08,17116.2325,1.4464999999999998e-05,Centrale
STP,2022,226305.0,20100242936.05772,9.621351531147504,1.96,17116.2325,1.4464999999999998e-05,Centrale
STP,2023,230871.0,20100242936.05772,9.621351531147504,2.02,17116.2325,1.4464999999999998e-05,Centrale
STP,2024,235536.0,20100242936.05772,9.621351531147504,2.02,17116.2325,1.4464999999999998e-05,Centrale
STP,2025,240254.0,20100242936.05772,9.621351531147504,2.0,17116.2325,1.4464999999999998e-05,Centrale
SWZ,1960,345337.0,20100242936.05772,9.621351531147504,0.0,17116.2325,1.4464999999999998e-05,Australe
SWZ,1961,353264.0,20100242936.05772,9.621351531147504,2.3,17116.2325,1.4464999999999998e-05,Australe
SWZ,1962,361365.0,20100242936.05772,9.621351531147504,2.29,17116.2325,1.4464999999999998e-05,Australe
SWZ,1963,369759.0,20100242936.05772,9.621351531147504,2.32,17116.2325,1.4464999999999998e-05,Australe
SWZ,1964,378656.0,20100242936.05772,9.621351531147504,2.41,17116.2325,1.4464999999999998e-05,Australe
SWZ,1965,388336.0,20100242936.05772,9.621351531147504,2.56,17116.2325,1.4464999999999998e-05,Australe
SWZ,1966,398766.0,20100242936.05772,9.621351531147504,2.69,17116.2325,1.4464999999999998e-05,Australe
SWZ,1967,409031.0,20100242936.05772,9.621351531147504,2.57,17116.2325,1.4464999999999998e-05,Australe
SWZ,1968,419147.0,20100242936.05772,9.621351531147504,2.47,17116.2325,1.4464999999999998e-05,Australe
SWZ,1969,429875.0,20100242936.05772,9.621351531147504,2.56,17116.2325,1.4464999999999998e-05,Australe
SWZ,1970,441216.0,20100242936.05772,9.621351531147504,2.64,17116.2325,1.4464999999999998e-05,Australe
SWZ,1971,453183.0,20100242936.05772,9.621351531147504,2.71,17116.2325,1.4464999999999998e-05,Australe
SWZ,1972,465788.0,20100242936.05772,9.621351531147504,2.78,17116.2325,1.4464999999999998e-05,Australe
SWZ,1973,479038.0,20100242936.05772,9.621351531147504,2.84,17116.2325,1.4464999999999998e-05,Australe
SWZ,1974,492988.0,20100242936.05772,9.621351531147504,2.91,17116.2325,1.4464999999999998e-05,Australe
SWZ,1975,507673.0,20100242936.05772,9.621351531147504,2.98,17116.2325,1.4464999999999998e-05,Australe
SWZ,1976,523330.0,20100242936.05772,9.621351531147504,3.08,17116.2325,1.4464999999999998e-05,Australe
SWZ,1977,540348.0,20100242936.05772,9.621351531147504,3.25,17116.2325,1.4464999999999998e-05,Australe
SWZ,1978,558446.0,20100242936.05772,9.621351531147504,3.35,17116.2325,1.4464999999999998e-05,Australe
SWZ,1979,577199.0,20100242936.05772,9.621351531147504,3.36,17116.2325,1.4464999999999998e-05,Australe
SWZ,1980,596644.0,20100242936.05772,9.621351531147504,3.37,17116.2325,1.4464999999999998e-05,Australe
SWZ,1981,616808.0,20100242936.05772,9.621351531147504,3.38,17116.2325,1.4464999999999998e-05,Australe
SWZ,1982,637652.0,20100242936.05772,9.621351531147504,3.38,17116.2325,1.4464999999999998e-05,Australe
SWZ,1983,658957.0,20100242936.05772,9.621351531147504,3.34,17116.2325,1.4464999999999998e-05,Australe
SWZ,1984,680783.0,20100242936.05772,9.621351531147504,3.31,17116.2325,1.413e-05,Australe
SWZ,1985,706196.0,20100242936.05772,9.621351531147504,3.73,17116.2325,1.362e-05,Australe
SWZ,1986,734732.0,20100242936.05772,9.621351531147504,4.04,17116.2325,1.31e-05,Australe
SWZ,1987,763811.0,20100242936.05772,9.621351531147504,3.96,17116.2325,1.26e-05,Australe
SWZ,1988,799798.0,20100242936.05772,9.621351531147504,4.71,17116.2325,1.203e-05,Australe
SWZ,1989,837800.0,20100242936.05772,9.621351531147504,4.75,17116.2325,1.148e-05,Australe
SWZ,1990,872428.0,20100242936.05772,4.650243215914027,4.13,17116.2325,5.33e-06,Australe
SWZ,1991,908189.0,20100242936.05772,4.925003177116805,4.1,17116.2325,5.42e-06,Australe
SWZ,1992,943416.0,20100242936.05772,5.283194313702135,3.88,17116.2325,5.6e-06,Australe
SWZ,1993,971318.0,20100242936.05772,5.852936639036792,2.96,17116.2325,6.03e-06,Australe
SWZ,1994,971212.0,20100242936.05772,5.381913066864249,-0.01,17116.2325,5.54e-06,Australe
SWZ,1995,970433.0,20100242936.05772,5.74231121317831,-0.08,17116.2325,5.92e-06,Australe
SWZ,1996,989841.0,20100242936.05772,6.4685421445155455,2.0,17116.2325,6.53e-06,Australe
SWZ,1997,1006635.0,20100242936.05772,6.180475285291893,1.7,17116.2325,6.14e-06,Australe
SWZ,1998,1019653.0,20100242936.05772,6.249411006284721,1.29,17116.2325,6.13e-06,Australe
SWZ,1999,1030782.0,20100242936.05772,6.264520300488009,1.09,17116.2325,6.08e-06,Australe
SWZ,2000,1041414.0,20100242936.05772,6.682813139131084,1.03,17116.2325,6.42e-06,Australe
SWZ,2001,1051064.0,20100242936.05772,6.844189279972731,0.93,17116.2325,6.51e-06,Australe
SWZ,2002,1059441.0,20100242936.05772,7.078804717476471,0.8,17116.2325,6.68e-06,Australe
SWZ,2003,1066700.0,20100242936.05772,7.496003477796325,0.69,17116.2325,7.03e-06,Australe
SWZ,2004,1073159.0,20100242936.05772,7.9184692127814,0.61,17116.2325,7.38e-06,Australe
SWZ,2005,1079022.0,20100242936.05772,8.319174835649426,0.55,17116.2325,7.71e-06,Australe
SWZ,2006,1084436.0,20100242936.05772,8.423519361159357,0.5,17116.2325,7.77e-06,Australe
SWZ,2007,1090705.0,20100242936.05772,8.71305529053647,0.58,17116.2325,7.99e-06,Australe
SWZ,2008,1098091.0,20100242936.05772,8.916861696543586,0.68,17116.2325,8.12e-06,Australe
SWZ,2009,1105153.0,20100242936.05772,8.026508436895645,0.64,17116.2325,7.26e-06,Australe
SWZ,2010,1111650.0,20100242936.05772,9.864622762274909,0.59,17116.2325,8.87e-06,Australe
SWZ,2011,1117833.0,20100242936.05772,8.336718504324327,0.56,17116.2325,7.46e-06,Australe
SWZ,2012,1123863.0,20100242936.05772,8.683472400681492,0.54,17116.2325,7.73e-06,Australe
SWZ,2013,1129990.0,6642357131.509227,8.75244505399933,0.55,5878.24,7.75e-06,Australe
SWZ,2014,1136299.0,6274835467.721269,9.036923512026323,0.56,5522.17,7.95e-06,Australe
SWZ,2015,1142813.0,6117170907.614598,8.78076898556109,0.57,5352.73,7.68e-06,Australe
SWZ,2016,1149507.0,6026095583.91991,9.082183153955317,0.59,5242.33,7.9e-06,Australe
SWZ,2017,1158195.0,6311591872.927743,9.693196208058826,0.76,5449.51,8.37e-06,Australe
SWZ,2018,1168929.0,6531210302.37421,9.676109693771012,0.93,5587.35,8.28e-06,Australe
SWZ,2019,1179874.0,6818244349.625608,9.87117856468752,0.94,5778.79,8.37e-06,Australe
SWZ,2020,1192729.0,6480372801.806031,9.645446744925948,1.09,5433.23,8.09e-06,Australe
SWZ,2021,1206593.0,6770418420.393507,10.35607895900664,1.16,5611.19,8.58e-06,Australe
SWZ,2022,1218917.0,7166830993.984465,10.279625554054649,1.02,5879.67,8.43e-06,Australe
SWZ,2023,1230506.0,7515873079.131494,10.10789549260918,0.95,6107.95,8.21e-06,Australe
SWZ,2024,1242822.0,7567811500.322994,9.621351531147504,1.0,6089.22,7.74e-06,Australe
SWZ,2025,1256174.0,20100242936.05772,9.621351531147504,1.07,16001.16,7.66e-06,Australe
SYC,1960,41700.0,20100242936.05772,9.621351531147504,0.0,17116.2325,1.4464999999999998e-05,Est
SYC,1961,42889.0,20100242936.05772,9.621351531147504,2.85,17116.2325,1.4464999999999998e-05,Est
SYC,1962,44042.0,20100242936.05772,9.621351531147504,2.69,17116.2325,1.4464999999999998e-05,Est
SYC,1963,45176.0,20100242936.05772,9.621351531147504,2.57,17116.2325,1.4464999999999998e-05,Est
SYC,1964,46322.0,20100242936.05772,9.621351531147504,2.54,17116.2325,1.4464999999999998e-05,Est
SYC,1965,47500.0,20100242936.05772,9.621351531147504,2.54,17116.2325,1.4464999999999998e-05,Est
SYC,1966,48699.0,20100242936.05772,9.621351531147504,2.52,17116.2325,1.4464999999999998e-05,Est
SYC,1967,49911.0,20100242936.05772,9.621351531147504,2.49,17116.2325,1.4464999999999998e-05,Est
SYC,1968,51134.0,20100242936.05772,9.621351531147504,2.45,17116.2325,1.4464999999999998e-05,Est
SYC,1969,52365.0,20100242936.05772,9.621351531147504,2.41,17116.2325,1.4464999999999998e-05,Est
SYC,1970,53600.0,20100242936.05772,9.621351531147504,2.36,17116.2325,1.4464999999999998e-05,Est
SYC,1971,54695.0,20100242936.05772,9.621351531147504,2.04,17116.2325,1.4464999999999998e-05,Est
SYC,1972,56029.0,20100242936.05772,9.621351531147504,2.44,17116.2325,1.4464999999999998e-05,Est
SYC,1973,56892.0,20100242936.05772,9.621351531147504,1.54,17116.2325,1.4464999999999998e-05,Est
SYC,1974,57937.0,20100242936.05772,9.621351531147504,1.84,17116.2325,1.4464999999999998e-05,Est
SYC,1975,59292.0,20100242936.05772,9.621351531147504,2.34,17116.2325,1.4464999999999998e-05,Est
SYC,1976,60504.0,20100242936.05772,9.621351531147504,2.04,17116.2325,1.4464999999999998e-05,Est
SYC,1977,61786.0,20100242936.05772,9.621351531147504,2.12,17116.2325,1.4464999999999998e-05,Est
SYC,1978,62150.0,20100242936.05772,9.621351531147504,0.59,17116.2325,1.4464999999999998e-05,Est
SYC,1979,62686.0,20100242936.05772,9.621351531147504,0.86,17116.2325,1.4464999999999998e-05,Est
SYC,1980,63261.0,20100242936.05772,9.621351531147504,0.92,17116.2325,1.4464999999999998e-05,Est
SYC,1981,64035.0,20100242936.05772,9.621351531147504,1.22,17116.2325,1.4464999999999998e-05,Est
SYC,1982,64413.0,20100242936.05772,9.621351531147504,0.59,17116.2325,1.4464999999999998e-05,Est
SYC,1983,64335.0,20100242936.05772,9.621351531147504,-0.12,17116.2325,1.4464999999999998e-05,Est
SYC,1984,64717.0,20100242936.05772,9.621351531147504,0.59,17116.2325,1.4464999999999998e-05,Est
SYC,1985,65244.0,20100242936.05772,9.621351531147504,0.81,17116.2325,1.4464999999999998e-05,Est
SYC,1986,65652.0,20100242936.05772,9.621351531147504,0.63,17116.2325,1.4464999999999998e-05,Est
SYC,1987,68499.0,20100242936.05772,9.621351531147504,4.34,17116.2325,1.4464999999999998e-05,Est
SYC,1988,68755.0,20100242936.05772,9.621351531147504,0.37,17116.2325,1.4464999999999998e-05,Est
SYC,1989,69167.0,20100242936.05772,9.621351531147504,0.6,17116.2325,1.4464999999999998e-05,Est
SYC,1990,69507.0,697859100.0895128,28.62166151290749,0.49,10040.13,1.4464999999999998e-05,Est
SYC,1991,70439.0,690844322.2879295,9.621351531147504,1.34,9807.7,1.4464999999999998e-05,Est
SYC,1992,70763.0,838222284.7216574,9.621351531147504,0.46,11845.49,1.4464999999999998e-05,Est
SYC,1993,72253.0,970989346.9464116,9.621351531147504,2.11,13438.74,1.4464999999999998e-05,Est
SYC,1994,74205.0,829489264.090844,9.621351531147504,2.7,11178.35,1.4464999999999998e-05,Est
SYC,1995,75304.0,974640226.6458997,9.621351531147504,1.48,12942.74,1.4464999999999998e-05,Est
SYC,1996,76417.0,1010729951.0733336,9.621351531147504,1.48,13226.51,1.4464999999999998e-05,Est
SYC,1997,77319.0,1053634070.1936828,9.621351531147504,1.18,13627.1,1.4464999999999998e-05,Est
SYC,1998,78846.0,1055555783.9279476,9.621351531147504,1.97,13387.56,1.4464999999999998e-05,Est
SYC,1999,80410.0,904762369.3636804,9.621351531147504,1.98,11251.86,1.4464999999999998e-05,Est
SYC,2000,81131.0,525810678.3106228,9.621351531147504,0.9,6481.01,1.4464999999999998e-05,Est
SYC,2001,81202.0,605042439.9492414,9.621351531147504,0.09,7451.08,1.4464999999999998e-05,Est
SYC,2002,83723.0,489795827.3104105,9.621351531147504,3.1,5850.19,1.4464999999999998e-05,Est
SYC,2003,82781.0,554621970.8517767,9.621351531147504,-1.13,6699.87,1.4464999999999998e-05,Est
SYC,2004,82475.0,603816359.4051567,5.913867022112807,-0.37,7321.2,1.4464999999999998e-05,Est
SYC,2005,82858.0,729052534.2173474,7.238125805577394,0.46,8798.82,1.4464999999999998e-05,Est
SYC,2006,84600.0,875151112.1770148,7.430128950905282,2.1,10344.58,1.4464999999999998e-05,Est
SYC,2007,85033.0,727821359.9361912,9.589173700696564,0.51,8559.28,1.4464999999999998e-05,Est
SYC,2008,86956.0,1153781989.6829464,9.621351531147504,2.26,13268.57,1.4464999999999998e-05,Est
SYC,2009,87298.0,1067804429.7619338,9.621351531147504,0.39,12231.72,1.4464999999999998e-05,Est
SYC,2010,89770.0,1078262424.1672826,9.621351531147504,2.83,12011.39,1.4464999999999998e-05,Est
SYC,2011,87441.0,1233492945.7635176,9.621351531147504,-2.59,14106.57,1.4464999999999998e-05,Est
SYC,2012,88303.0,1261913913.7975583,9.621351531147504,0.99,14290.73,1.4464999999999998e-05,Est
SYC,2013,89949.0,982294276.563898,9.621351531147504,1.86,10920.57,1.4464999999999998e-05,Est
SYC,2014,91359.0,1276421981.3720646,9.621351531147504,1.57,13971.5,1.4464999999999998e-05,Est
SYC,2015,93419.0,1260250098.6758723,9.621351531147504,2.25,13490.3,1.4464999999999998e-05,Est
SYC,2016,94677.0,1524834410.2014568,9.621351531147504,1.35,16105.65,1.4464999999999998e-05,Est
SYC,2017,95843.0,1656683799.63089,9.621351531147504,1.23,17116.2325,1.4464999999999998e-05,Est
SYC,2018,96762.0,1824309874.044444,9.621351531147504,0.96,17116.2325,1.4464999999999998e-05,Est
SYC,2019,97625.0,1856244157.069048,9.621351531147504,0.89,17116.2325,1.4464999999999998e-05,Est
SYC,2020,98462.0,1852148375.4982023,9.621351531147504,0.86,17116.2325,1.4464999999999998e-05,Est
SYC,2021,99258.0,2071350228.1621327,9.621351531147504,0.81,17116.2325,1.4464999999999998e-05,Est
SYC,2022,119878.0,2065038670.9651003,9.621351531147504,20.77,17116.2325,1.4464999999999998e-05,Est
SYC,2023,119773.0,2062941414.8804688,9.621351531147504,-0.09,17116.2325,1.4464999999999998e-05,Est
SYC,2024,121354.0,2301354702.606168,9.621351531147504,1.32,17116.2325,1.4464999999999998e-05,Est
SYC,2025,122730.0,20100242936.05772,9.621351531147504,1.13,17116.2325,1.4464999999999998e-05,Est
TCD,1960,3049838.0,20100242936.05772,9.621351531147504,0.0,6590.59,3.15e-06,Centrale
TCD,1961,3111947.0,20100242936.05772,9.621351531147504,2.04,6459.06,3.09e-06,Centrale
TCD,1962,3175598.0,20100242936.05772,9.621351531147504,2.05,6329.59,3.03e-06,Centrale
TCD,1963,3240905.0,20100242936.05772,9.621351531147504,2.06,6202.05,2.97e-06,Centrale
TCD,1964,3307479.0,20100242936.05772,9.621351531147504,2.05,6077.21,2.91e-06,Centrale
TCD,1965,3374220.0,20100242936.05772,9.621351531147504,2.02,5957.0,2.85e-06,Centrale
TCD,1966,3440903.0,20100242936.05772,9.621351531147504,1.98,5841.56,2.8e-06,Centrale
TCD,1967,3508512.0,20100242936.05772,9.621351531147504,1.96,5728.99,2.74e-06,Centrale
TCD,1968,3578231.0,20100242936.05772,9.621351531147504,1.99,5617.37,2.69e-06,Centrale
TCD,1969,3651113.0,20100242936.05772,9.621351531147504,2.04,5505.24,2.64e-06,Centrale
TCD,1970,3727828.0,20100242936.05772,9.621351531147504,2.1,5391.94,2.58e-06,Centrale
TCD,1971,3807316.0,20100242936.05772,9.621351531147504,2.13,5279.37,2.53e-06,Centrale
TCD,1972,3893252.0,20100242936.05772,9.621351531147504,2.26,5162.84,2.47e-06,Centrale
TCD,1973,3985909.0,20100242936.05772,9.621351531147504,2.38,5042.83,2.41e-06,Centrale
TCD,1974,4078356.0,20100242936.05772,9.621351531147504,2.32,4928.52,2.36e-06,Centrale
TCD,1975,4167234.0,20100242936.05772,9.621351531147504,2.18,4823.4,2.31e-06,Centrale
TCD,1976,4251297.0,20100242936.05772,9.621351531147504,2.02,4728.03,2.26e-06,Centrale
TCD,1977,4331667.0,20100242936.05772,9.621351531147504,1.89,4640.3,2.22e-06,Centrale
TCD,1978,4411366.0,20100242936.05772,9.621351531147504,1.84,4556.47,2.18e-06,Centrale
TCD,1979,4505384.0,20100242936.05772,9.621351531147504,2.13,4461.38,2.14e-06,Centrale
TCD,1980,4515453.0,20100242936.05772,9.621351531147504,0.22,4451.43,2.13e-06,Centrale
TCD,1981,4520959.0,20100242936.05772,9.621351531147504,0.12,4446.01,2.13e-06,Centrale
TCD,1982,4738483.0,20100242936.05772,9.621351531147504,4.81,4241.92,2.03e-06,Centrale
TCD,1983,4979130.0,20100242936.05772,9.621351531147504,5.08,4036.9,1.93e-06,Centrale
TCD,1984,5045145.0,20100242936.05772,9.621351531147504,1.33,3984.08,1.91e-06,Centrale
TCD,1985,5096269.0,20100242936.05772,9.621351531147504,1.01,3944.11,1.89e-06,Centrale
TCD,1986,5251069.0,20100242936.05772,9.621351531147504,3.04,3827.84,1.83e-06,Centrale
TCD,1987,5438309.0,20100242936.05772,9.621351531147504,3.57,3696.05,1.77e-06,Centrale
TCD,1988,5625602.0,20100242936.05772,9.621351531147504,3.44,3572.99,1.71e-06,Centrale
TCD,1989,5819586.0,20100242936.05772,9.621351531147504,3.45,3453.9,1.65e-06,Centrale
TCD,1990,5982833.0,6202125853.704412,5.764924183957425,2.81,1036.65,9.6e-07,Centrale
TCD,1991,6205676.0,6713558305.480251,6.318401999371014,3.72,1081.84,1.02e-06,Centrale
TCD,1992,6474656.0,7132010156.028839,6.601891070232603,4.33,1101.53,1.02e-06,Centrale
TCD,1993,6629146.0,5560029070.926684,5.172243023961624,2.39,838.72,7.8e-07,Centrale
TCD,1994,6783450.0,6679721688.175063,5.7153217154660885,2.33,984.71,8.4e-07,Centrale
TCD,1995,7089064.0,6569348580.18089,5.680145486488248,4.51,926.69,8e-07,Centrale
TCD,1996,7410108.0,6126941576.916339,5.594185778237299,4.53,826.84,7.5e-07,Centrale
TCD,1997,7670366.0,6693510806.642463,6.128192510789619,3.51,872.65,8e-07,Centrale
TCD,1998,7938840.0,7349767961.4613905,6.415818759209346,3.5,925.8,8.1e-07,Centrale
TCD,1999,8222705.0,7690552198.912276,6.343803034391963,3.58,935.28,7.7e-07,Centrale
TCD,2000,8512093.0,7095245162.561757,6.235062997110246,3.52,833.55,7.3e-07,Centrale
TCD,2001,8804124.0,7963600250.238362,6.708481451765714,3.43,904.53,7.6e-07,Centrale
TCD,2002,9116192.0,13180965278.931477,7.090023777024377,3.54,1445.89,7.8e-07,Centrale
TCD,2003,9487833.0,8452324998.582505,7.908551548568046,4.08,890.86,8.3e-07,Centrale
TCD,2004,9920036.0,20100242936.05772,10.703129304665175,4.56,2026.23,1.08e-06,Centrale
TCD,2005,10328092.0,14635220516.691982,11.84083080658634,4.11,1417.03,1.15e-06,Centrale
TCD,2006,10706424.0,15179181869.90691,11.588907253951716,3.66,1417.76,1.08e-06,Centrale
TCD,2007,11081660.0,16633335732.687555,11.942457485383745,3.5,1500.98,1.08e-06,Centrale
TCD,2008,11476296.0,18324148918.86041,11.983384580685591,3.56,1596.7,1.04e-06,Centrale
TCD,2009,11893754.0,18430213844.920696,11.044312824025306,3.64,1549.57,9.3e-07,Centrale
TCD,2010,12312575.0,20785275246.348606,12.402106561462846,3.52,1688.13,1.01e-06,Centrale
TCD,2011,12754997.0,20799453329.77627,13.141956482676784,3.59,1630.69,1.03e-06,Centrale
TCD,2012,13210998.0,20936926993.502377,12.583755302767024,3.58,1584.81,9.5e-07,Centrale
TCD,2013,13691079.0,21871236745.66049,12.60130795898938,3.63,1597.48,9.2e-07,Centrale
TCD,2014,14188678.0,21996034862.313755,12.75493195974818,3.63,1550.25,9e-07,Centrale
TCD,2015,14647621.0,23152467380.809124,13.004527175266874,3.23,1580.63,8.9e-07,Centrale
TCD,2016,15114655.0,23812987527.31147,12.321326023238017,3.19,1575.49,8.2e-07,Centrale
TCD,2017,15622759.0,24001349978.968147,12.24411353041816,3.36,1536.31,7.8e-07,Centrale
TCD,2018,16156531.0,25366625760.1102,12.763392236378774,3.42,1570.05,7.9e-07,Centrale
TCD,2019,16685223.0,26339775674.043125,13.70079525568816,3.27,1578.63,8.2e-07,Centrale
TCD,2020,17224679.0,25830672839.8036,12.67265239076506,3.23,1499.63,7.4e-07,Centrale
TCD,2021,17828273.0,26914466696.648293,11.982947553342733,3.5,1509.65,6.7e-07,Centrale
TCD,2022,18455316.0,27967258567.563786,12.313341420384852,3.52,1515.4,6.7e-07,Centrale
TCD,2023,19319064.0,28482381852.812626,12.950693911469294,4.68,1474.31,6.7e-07,Centrale
TCD,2024,20299123.0,25589030927.275394,9.621351531147504,5.07,1260.6,4.7e-07,Centrale
TCD,2025,21003705.0,20100242936.05772,9.621351531147504,3.47,956.99,4.6e-07,Centrale
TGO,1960,1673110.0,20100242936.05772,9.621351531147504,0.0,12013.7,5.75e-06,Ouest
TGO,1961,1702717.0,20100242936.05772,9.621351531147504,1.77,11804.81,5.65e-06,Ouest
TGO,1962,1732959.0,20100242936.05772,9.621351531147504,1.78,11598.8,5.55e-06,Ouest
TGO,1963,1765072.0,20100242936.05772,9.621351531147504,1.85,11387.78,5.45e-06,Ouest
TGO,1964,1799410.0,20100242936.05772,9.621351531147504,1.95,11170.46,5.35e-06,Ouest
TGO,1965,1835588.0,20100242936.05772,9.621351531147504,2.01,10950.3,5.24e-06,Ouest
TGO,1966,1873489.0,20100242936.05772,9.621351531147504,2.06,10728.78,5.14e-06,Ouest
TGO,1967,1912764.0,20100242936.05772,9.621351531147504,2.1,10508.48,5.03e-06,Ouest
TGO,1968,1953523.0,20100242936.05772,9.621351531147504,2.13,10289.23,4.93e-06,Ouest
TGO,1969,2043416.0,20100242936.05772,9.621351531147504,4.6,9836.59,4.71e-06,Ouest
TGO,1970,2149478.0,20100242936.05772,9.621351531147504,5.19,9351.22,4.48e-06,Ouest
TGO,1971,2219826.0,20100242936.05772,9.621351531147504,3.27,9054.87,4.33e-06,Ouest
TGO,1972,2283863.0,20100242936.05772,9.621351531147504,2.88,8800.98,4.21e-06,Ouest
TGO,1973,2344510.0,20100242936.05772,9.621351531147504,2.66,8573.32,4.1e-06,Ouest
TGO,1974,2404292.0,20100242936.05772,9.621351531147504,2.55,8360.15,4e-06,Ouest
TGO,1975,2463796.0,20100242936.05772,9.621351531147504,2.47,8158.24,3.91e-06,Ouest
TGO,1976,2523488.0,20100242936.05772,9.621351531147504,2.42,7965.26,3.81e-06,Ouest
TGO,1977,2583984.0,20100242936.05772,9.621351531147504,2.4,7778.78,3.72e-06,Ouest
TGO,1978,2646501.0,20100242936.05772,9.621351531147504,2.42,7595.03,3.64e-06,Ouest
TGO,1979,2714349.0,20100242936.05772,9.621351531147504,2.56,7405.18,3.54e-06,Ouest
TGO,1980,2791408.0,20100242936.05772,9.621351531147504,2.84,7200.75,3.45e-06,Ouest
TGO,1981,2879440.0,20100242936.05772,9.621351531147504,3.15,6980.61,3.34e-06,Ouest
TGO,1982,2961652.0,20100242936.05772,9.621351531147504,2.86,6786.83,3.25e-06,Ouest
TGO,1983,3033077.0,20100242936.05772,9.621351531147504,2.41,6627.01,3.17e-06,Ouest
TGO,1984,3105743.0,20100242936.05772,9.621351531147504,2.4,6471.96,3.1e-06,Ouest
TGO,1985,3194539.0,20100242936.05772,9.621351531147504,2.86,6292.06,3.01e-06,Ouest
TGO,1986,3296340.0,20100242936.05772,9.621351531147504,3.19,6097.75,2.92e-06,Ouest
TGO,1987,3397614.0,20100242936.05772,9.621351531147504,3.07,5915.99,2.83e-06,Ouest
TGO,1988,3501545.0,20100242936.05772,9.621351531147504,3.06,5740.39,2.75e-06,Ouest
TGO,1989,3606918.0,20100242936.05772,9.621351531147504,3.01,5572.69,2.67e-06,Ouest
TGO,1990,3714021.0,5215478397.540166,7.08205090822985,2.97,1404.27,1.91e-06,Ouest
TGO,1991,3822636.0,5593308216.6028,6.866200929053978,2.92,1463.21,1.8e-06,Ouest
TGO,1992,3932581.0,5886016057.092852,6.513174396103659,2.88,1496.73,1.66e-06,Ouest
TGO,1993,3887974.0,4529713144.981921,5.503863129099344,-1.13,1165.06,1.42e-06,Ouest
TGO,1994,3904183.0,4834311194.803315,5.596027873603377,0.42,1238.24,1.43e-06,Ouest
TGO,1995,4110450.0,5317966557.96538,5.733908407931985,5.28,1293.77,1.39e-06,Ouest
TGO,1996,4291136.0,6802102136.301418,5.565747478454351,4.4,1585.15,1.3e-06,Ouest
TGO,1997,4438794.0,7350244536.547111,6.459058927233904,3.44,1655.91,1.46e-06,Ouest
TGO,1998,4551635.0,7672721324.497869,5.903720547744589,2.54,1685.71,1.3e-06,Ouest
TGO,1999,4665754.0,7802453302.309758,5.291890399337039,2.51,1672.28,1.13e-06,Ouest
TGO,2000,4783722.0,7620828654.641188,5.261597357558308,2.53,1593.08,1.1e-06,Ouest
TGO,2001,4904144.0,7652792136.170027,5.317497291539857,2.52,1560.47,1.08e-06,Ouest
TGO,2002,5027130.0,7999771379.976585,5.32990938381505,2.51,1591.32,1.06e-06,Ouest
TGO,2003,5154112.0,8439000073.476677,5.386387512403651,2.53,1637.33,1.05e-06,Ouest
TGO,2004,5281320.0,8308622933.308113,5.278021942385705,2.47,1573.21,1e-06,Ouest
TGO,2005,5413154.0,7959720455.848876,4.936866940443474,2.5,1470.44,9.1e-07,Ouest
TGO,2006,5569664.0,8319480160.794064,5.07679680644454,2.89,1493.71,9.1e-07,Ouest
TGO,2007,5748443.0,8871250882.344603,4.828976576873259,3.21,1543.24,8.4e-07,Ouest
TGO,2008,5936138.0,9195353851.17746,4.824200989015416,3.27,1549.05,8.1e-07,Ouest
TGO,2009,6130946.0,9827397521.81946,4.181987366247271,3.28,1602.92,6.8e-07,Ouest
TGO,2010,6325788.0,10129851297.444654,4.4273576045738,3.18,1601.36,7e-07,Ouest
TGO,2011,6500582.0,10760426101.837069,4.657338084966677,2.76,1655.3,7.2e-07,Ouest
TGO,2012,6653718.0,11050683549.31244,4.966993942277322,2.36,1660.83,7.5e-07,Ouest
TGO,2013,6798848.0,11503217549.419909,5.411483988472485,2.18,1691.94,8e-07,Ouest
TGO,2014,6937644.0,12054990048.660944,5.482996626615808,2.04,1737.62,7.9e-07,Ouest
TGO,2015,7071502.0,12684749869.198746,5.9605251443105605,1.93,1793.78,8.4e-07,Ouest
TGO,2016,7200884.0,13185159432.486383,5.741210634508303,1.83,1831.05,8e-07,Ouest
TGO,2017,7324386.0,13658650837.18074,6.096351188440989,1.72,1864.82,8.3e-07,Ouest
TGO,2018,7458206.0,14303032984.319296,6.12411668029746,1.83,1917.76,8.2e-07,Ouest
TGO,2019,7619925.0,15007927682.662722,6.224328805703899,2.17,1969.56,8.2e-07,Ouest
TGO,2020,7788054.0,15195293418.49345,6.051142641916015,2.21,1951.1,7.8e-07,Ouest
TGO,2021,7936176.0,16278170047.360329,6.245932614453484,1.9,2051.14,7.9e-07,Ouest
TGO,2022,8068616.0,17031276726.637869,6.43975112498156,1.67,2110.81,8e-07,Ouest
TGO,2023,8223850.0,20100242936.05772,6.622736358477988,1.92,2444.14,8.1e-07,Ouest
TGO,2024,8406558.0,20100242936.05772,9.621351531147504,2.22,2391.02,1.14e-06,Ouest
TGO,2025,8591626.0,20100242936.05772,9.621351531147504,2.2,2339.52,1.12e-06,Ouest
TUN,1960,4267288.0,20100242936.05772,9.621351531147504,0.0,4710.31,2.25e-06,Nord
TUN,1961,4316278.0,20100242936.05772,9.621351531147504,1.15,4656.85,2.23e-06,Nord
TUN,1962,4369136.0,20100242936.05772,9.621351531147504,1.22,4600.51,2.2e-06,Nord
TUN,1963,4427131.0,20100242936.05772,9.621351531147504,1.33,4540.24,2.17e-06,Nord
TUN,1964,4489869.0,20100242936.05772,9.621351531147504,1.42,4476.8,2.14e-06,Nord
TUN,1965,4561385.0,20100242936.05772,9.621351531147504,1.59,4406.61,2.11e-06,Nord
TUN,1966,4652287.0,20100242936.05772,9.621351531147504,1.99,4320.51,2.07e-06,Nord
TUN,1967,4760970.0,20100242936.05772,9.621351531147504,2.34,4221.88,2.02e-06,Nord
TUN,1968,4879899.0,20100242936.05772,9.621351531147504,2.5,4118.99,1.97e-06,Nord
TUN,1969,5004697.0,20100242936.05772,9.621351531147504,2.56,4016.28,1.92e-06,Nord
TUN,1970,5131396.0,20100242936.05772,9.621351531147504,2.53,3917.11,1.87e-06,Nord
TUN,1971,5261658.0,20100242936.05772,9.621351531147504,2.54,3820.13,1.83e-06,Nord
TUN,1972,5396557.0,20100242936.05772,9.621351531147504,2.56,3724.64,1.78e-06,Nord
TUN,1973,5537242.0,20100242936.05772,9.621351531147504,2.61,3630.01,1.74e-06,Nord
TUN,1974,5684674.0,20100242936.05772,9.621351531147504,2.66,3535.87,1.69e-06,Nord
TUN,1975,5839262.0,20100242936.05772,9.621351531147504,2.72,3442.26,1.65e-06,Nord
TUN,1976,5996994.0,20100242936.05772,9.621351531147504,2.7,3351.72,1.6e-06,Nord
TUN,1977,6155931.0,20100242936.05772,9.621351531147504,2.65,3265.18,1.56e-06,Nord
TUN,1978,6309390.0,20100242936.05772,9.621351531147504,2.49,3185.77,1.52e-06,Nord
TUN,1979,6456419.0,20100242936.05772,9.621351531147504,2.33,3113.22,1.49e-06,Nord
TUN,1980,6606195.0,20100242936.05772,9.621351531147504,2.32,3042.64,1.46e-06,Nord
TUN,1981,6758284.0,20100242936.05772,9.621351531147504,2.3,2974.16,1.42e-06,Nord
TUN,1982,6908642.0,20100242936.05772,9.621351531147504,2.22,2909.43,1.39e-06,Nord
TUN,1983,7053800.0,20100242936.05772,9.621351531147504,2.1,2849.56,1.36e-06,Nord
TUN,1984,7220044.0,20100242936.05772,9.621351531147504,2.36,2783.95,1.33e-06,Nord
TUN,1985,7409903.0,20100242936.05772,9.621351531147504,2.63,2712.62,1.3e-06,Nord
TUN,1986,7600301.0,20100242936.05772,9.621351531147504,2.57,2644.66,1.27e-06,Nord
TUN,1987,7789987.0,20100242936.05772,9.621351531147504,2.5,2580.27,1.24e-06,Nord
TUN,1988,7974440.0,20100242936.05772,9.621351531147504,2.37,2520.58,1.21e-06,Nord
TUN,1989,8151660.0,20100242936.05772,9.621351531147504,2.22,2465.79,1.18e-06,Nord
TUN,1990,8324509.0,25555149425.60447,11.3450769707111,2.12,3069.87,1.36e-06,Nord
TUN,1991,8501827.0,25879367149.49937,11.903500887806771,2.13,3043.98,1.4e-06,Nord
TUN,1992,8682512.0,27651970927.552864,11.539725533429817,2.13,3184.79,1.33e-06,Nord
TUN,1993,8857910.0,28564457009.86229,12.1154520924599,2.02,3224.74,1.37e-06,Nord
TUN,1994,9018448.0,29442402727.29081,11.565903090712622,1.81,3264.69,1.28e-06,Nord
TUN,1995,9161258.0,30330747871.20989,11.68826766406093,1.58,3310.76,1.28e-06,Nord
TUN,1996,9294432.0,31659923342.00009,11.981115988515633,1.45,3406.33,1.29e-06,Nord
TUN,1997,9421270.0,33085286521.86343,12.24821848468497,1.36,3511.77,1.3e-06,Nord
TUN,1998,9541667.0,34789840618.67339,11.775166503439843,1.28,3646.1,1.23e-06,Nord
TUN,1999,9655963.0,36805254805.82768,12.081532569154918,1.2,3811.66,1.25e-06,Nord
TUN,2000,9764935.0,38399213819.44988,12.207315935679194,1.13,3932.36,1.25e-06,Nord
TUN,2001,9869677.0,42551849630.18396,12.00481406952381,1.07,4311.37,1.22e-06,Nord
TUN,2002,9971515.0,44042367347.92938,12.0040598592876,1.03,4416.82,1.2e-06,Nord
TUN,2003,10071632.0,46066251717.62227,12.233484866984554,1.0,4573.86,1.21e-06,Nord
TUN,2004,10166163.0,48451616236.79312,12.328085937520743,0.94,4765.97,1.21e-06,Nord
TUN,2005,10255472.0,50783254138.22371,12.985545563580423,0.88,4951.82,1.27e-06,Nord
TUN,2006,10346410.0,53049443532.38671,12.983580488674502,0.89,5127.33,1.25e-06,Nord
TUN,2007,10441702.0,55967208005.6996,13.414647210423782,0.92,5359.97,1.28e-06,Nord
TUN,2008,10542635.0,58654953810.000015,13.407291123732248,0.97,5563.6,1.27e-06,Nord
TUN,2009,10650681.0,60752867527.17652,14.221281979329694,1.02,5704.13,1.34e-06,Nord
TUN,2010,10765980.0,84392047760.87938,13.035658856875283,1.08,7838.77,1.21e-06,Nord
TUN,2011,10886035.0,87887425190.7968,13.366566592633044,1.12,8073.41,1.23e-06,Nord
TUN,2012,11009647.0,91754855129.24356,13.370044257337575,1.14,8334.04,1.21e-06,Nord
TUN,2013,11141361.0,94507724333.98436,13.451628636938043,1.2,8482.6,1.21e-06,Nord
TUN,2014,11274288.0,98381541439.95952,13.645907745944053,1.19,8726.19,1.21e-06,Nord
TUN,2015,11402264.0,101530095673.08476,13.434425262112605,1.14,8904.38,1.18e-06,Nord
TUN,2016,11528674.0,104677528638.9504,13.404726581298323,1.11,9079.75,1.16e-06,Nord
TUN,2017,11650498.0,107399144315.2204,13.301868855227344,1.06,9218.42,1.14e-06,Nord
TUN,2018,11765514.0,110191522143.10408,13.527430191000086,0.99,9365.64,1.15e-06,Nord
TUN,2019,11875081.0,112836118638.77045,13.931941617869048,0.93,9501.92,1.17e-06,Nord
TUN,2020,11974057.0,107081476622.04512,13.335627901941692,0.83,8942.79,1.11e-06,Nord
TUN,2021,12048622.0,110615165400.5522,12.902696195232888,0.62,9180.73,1.07e-06,Nord
TUN,2022,12119334.0,112827468657.4659,13.296732957811072,0.59,9309.71,1.1e-06,Nord
TUN,2023,12200431.0,113842915880.33316,14.03253711107993,0.67,9331.06,1.15e-06,Nord
TUN,2024,12277109.0,115095187937.93117,9.621351531147504,0.63,9374.78,7.8e-07,Nord
TUN,2025,12348573.0,20100242936.05772,9.621351531147504,0.58,1627.74,7.8e-07,Nord
TZA,1960,9901419.0,20100242936.05772,9.621351531147504,0.0,2030.04,9.7e-07,Est
TZA,1961,10187886.0,20100242936.05772,9.621351531147504,2.89,1972.96,9.4e-07,Est
TZA,1962,10487756.0,20100242936.05772,9.621351531147504,2.94,1916.54,9.2e-07,Est
TZA,1963,10799528.0,20100242936.05772,9.621351531147504,2.97,1861.21,8.9e-07,Est
TZA,1964,11127826.0,20100242936.05772,9.621351531147504,3.04,1806.3,8.6e-07,Est
TZA,1965,11470728.0,20100242936.05772,9.621351531147504,3.08,1752.31,8.4e-07,Est
TZA,1966,11827459.0,20100242936.05772,9.621351531147504,3.11,1699.46,8.1e-07,Est
TZA,1967,12200109.0,20100242936.05772,9.621351531147504,3.15,1647.55,7.9e-07,Est
TZA,1968,12602076.0,20100242936.05772,9.621351531147504,3.29,1594.99,7.6e-07,Est
TZA,1969,13036700.0,20100242936.05772,9.621351531147504,3.45,1541.82,7.4e-07,Est
TZA,1970,13492677.0,20100242936.05772,9.621351531147504,3.5,1489.71,7.1e-07,Est
TZA,1971,13971451.0,20100242936.05772,9.621351531147504,3.55,1438.67,6.9e-07,Est
TZA,1972,14479308.0,20100242936.05772,9.621351531147504,3.63,1388.2,6.6e-07,Est
TZA,1973,15010101.0,20100242936.05772,9.621351531147504,3.67,1339.11,6.4e-07,Est
TZA,1974,15561630.0,20100242936.05772,9.621351531147504,3.67,1291.65,6.2e-07,Est
TZA,1975,16138361.0,20100242936.05772,9.621351531147504,3.71,1245.49,6e-07,Est
TZA,1976,16736211.0,20100242936.05772,9.621351531147504,3.7,1201.0,5.7e-07,Est
TZA,1977,17352929.0,20100242936.05772,9.621351531147504,3.68,1158.32,5.5e-07,Est
TZA,1978,17976566.0,20100242936.05772,9.621351531147504,3.59,1118.14,5.4e-07,Est
TZA,1979,18592038.0,20100242936.05772,9.621351531147504,3.42,1081.12,5.2e-07,Est
TZA,1980,19189769.0,20100242936.05772,9.621351531147504,3.21,1047.45,5e-07,Est
TZA,1981,19784703.0,20100242936.05772,9.621351531147504,3.1,1015.95,4.9e-07,Est
TZA,1982,20398571.0,20100242936.05772,9.621351531147504,3.1,985.38,4.7e-07,Est
TZA,1983,21079874.0,20100242936.05772,9.621351531147504,3.34,953.53,4.6e-07,Est
TZA,1984,21779066.0,20100242936.05772,9.621351531147504,3.32,922.92,4.4e-07,Est
TZA,1985,22501693.0,20100242936.05772,9.621351531147504,3.32,893.28,4.3e-07,Est
TZA,1986,23258959.0,20100242936.05772,9.621351531147504,3.37,864.19,4.1e-07,Est
TZA,1987,24030378.0,20100242936.05772,9.621351531147504,3.32,836.45,4e-07,Est
TZA,1988,24769686.0,20100242936.05772,9.621351531147504,3.08,811.49,3.9e-07,Est
TZA,1989,25438759.0,20100242936.05772,9.621351531147504,2.7,790.14,3.8e-07,Est
TZA,1990,26110207.0,32612121938.53268,5.862218788207841,2.64,1249.02,2.2e-07,Est
TZA,1991,26780436.0,33253871725.96566,5.831000519221998,2.57,1241.72,2.2e-07,Est
TZA,1992,27457588.0,33304069044.662827,5.746669501062368,2.53,1212.93,2.1e-07,Est
TZA,1993,28332692.0,33908464740.68173,5.438150599347498,3.19,1196.8,1.9e-07,Est
TZA,1994,29442356.0,34453552361.79812,4.6102603385055785,3.92,1170.2,1.6e-07,Est
TZA,1995,30383497.0,35929582755.151566,4.518037234165819,3.2,1182.54,1.5e-07,Est
TZA,1996,30945762.0,38500049873.450096,4.661586792231397,1.85,1244.11,1.5e-07,Est
TZA,1997,31578089.0,41850691469.0472,4.772445117755424,2.04,1325.31,1.5e-07,Est
TZA,1998,32420458.0,47801542388.921616,4.64755528467381,2.67,1474.43,1.4e-07,Est
TZA,1999,33300330.0,50124084250.804565,4.585235070230399,2.71,1505.21,1.4e-07,Est
TZA,2000,34260139.0,50731526138.31384,4.534930462325513,2.88,1480.77,1.3e-07,Est
TZA,2001,35198299.0,52214107692.039055,4.641886886340186,2.74,1483.43,1.3e-07,Est
TZA,2002,36121304.0,55245879662.12242,4.74083846076064,2.62,1529.45,1.3e-07,Est
TZA,2003,37089555.0,56317277037.381,4.864393673710308,2.68,1518.41,1.3e-07,Est
TZA,2004,38109668.0,59718171403.63572,5.043114748226242,2.75,1567.01,1.3e-07,Est
TZA,2005,39182076.0,64824457382.75591,5.12978497491143,2.81,1654.44,1.3e-07,Est
TZA,2006,40294902.0,70915298302.62425,5.275146811214142,2.84,1759.91,1.3e-07,Est
TZA,2007,41435512.0,74813121922.59146,5.609782639207617,2.83,1805.53,1.4e-07,Est
TZA,2008,42570728.0,74835463009.43683,5.830131480511552,2.74,1757.91,1.4e-07,Est
TZA,2009,43633982.0,75370070430.439,5.987443993570906,2.5,1727.33,1.4e-07,Est
TZA,2010,44758488.0,85536426259.11722,6.122510935446713,2.58,1911.07,1.4e-07,Est
TZA,2011,46029367.0,95085317308.1622,6.231592632932957,2.84,2065.75,1.4e-07,Est
TZA,2012,47374260.0,92351839894.01082,6.445426443094256,2.92,1949.41,1.4e-07,Est
TZA,2013,48824128.0,96448242594.93848,6.56719950650201,3.06,1975.42,1.3e-07,Est
TZA,2014,50351512.0,101607599078.4303,7.0821451975243095,3.13,2017.97,1.4e-07,Est
TZA,2015,52020962.0,107970921646.03545,7.188531326627478,3.32,2075.53,1.4e-07,Est
TZA,2016,53824013.0,109179224254.44284,7.4856992751985265,3.47,2028.45,1.4e-07,Est
TZA,2017,55652890.0,113749435955.08476,7.918199577445181,3.4,2043.91,1.4e-07,Est
TZA,2018,57437145.0,120805983482.53682,8.161371991596479,3.21,2103.27,1.4e-07,Est
TZA,2019,59174891.0,124592005919.61276,8.149684335417776,3.03,2105.49,1.4e-07,Est
TZA,2020,60972798.0,125771502559.17937,8.272097124297138,3.04,2062.75,1.4e-07,Est
TZA,2021,62830412.0,128664247117.95969,8.379265784771746,3.05,2047.8,1.3e-07,Est
TZA,2022,64711821.0,134582802485.455,8.457353601120493,2.99,2079.73,1.3e-07,Est
TZA,2023,66617606.0,137543624140.02603,8.75594395170635,2.95,2064.67,1.3e-07,Est
TZA,2024,68560157.0,141807476488.5138,9.621351531147504,2.92,2068.37,1.4e-07,Est
TZA,2025,70545865.0,20100242936.05772,9.621351531147504,2.9,284.92,1.4e-07,Est
UGA,1960,7640973.0,20100242936.05772,9.621351531147504,0.0,2630.59,1.26e-06,Est
UGA,1961,7862217.0,20100242936.05772,9.621351531147504,2.9,2556.56,1.22e-06,Est
UGA,1962,8092231.0,20100242936.05772,9.621351531147504,2.93,2483.89,1.19e-06,Est
UGA,1963,8333663.0,20100242936.05772,9.621351531147504,2.98,2411.93,1.15e-06,Est
UGA,1964,8586363.0,20100242936.05772,9.621351531147504,3.03,2340.95,1.12e-06,Est
UGA,1965,8849203.0,20100242936.05772,9.621351531147504,3.06,2271.42,1.09e-06,Est
UGA,1966,9122864.0,20100242936.05772,9.621351531147504,3.09,2203.28,1.05e-06,Est
UGA,1967,9408924.0,20100242936.05772,9.621351531147504,3.14,2136.3,1.02e-06,Est
UGA,1968,9708632.0,20100242936.05772,9.621351531147504,3.19,2070.35,9.9e-07,Est
UGA,1969,10014858.0,20100242936.05772,9.621351531147504,3.15,2007.04,9.6e-07,Est
UGA,1970,10321603.0,20100242936.05772,9.621351531147504,3.06,1947.4,9.3e-07,Est
UGA,1971,10618206.0,20100242936.05772,9.621351531147504,2.87,1893.0,9.1e-07,Est
UGA,1972,10885796.0,20100242936.05772,9.621351531147504,2.52,1846.47,8.8e-07,Est
UGA,1973,11144236.0,20100242936.05772,9.621351531147504,2.37,1803.64,8.6e-07,Est
UGA,1974,11424846.0,20100242936.05772,9.621351531147504,2.52,1759.34,8.4e-07,Est
UGA,1975,11725240.0,20100242936.05772,9.621351531147504,2.63,1714.27,8.2e-07,Est
UGA,1976,12037294.0,20100242936.05772,9.621351531147504,2.66,1669.83,8e-07,Est
UGA,1977,12359669.0,20100242936.05772,9.621351531147504,2.68,1626.28,7.8e-07,Est
UGA,1978,12692113.0,20100242936.05772,9.621351531147504,2.69,1583.68,7.6e-07,Est
UGA,1979,13002163.0,20100242936.05772,9.621351531147504,2.44,1545.92,7.4e-07,Est
UGA,1980,13275741.0,20100242936.05772,9.621351531147504,2.1,1514.06,7.2e-07,Est
UGA,1981,13556452.0,20100242936.05772,9.621351531147504,2.11,1482.71,7.1e-07,Est
UGA,1982,13873631.0,20100242936.05772,9.621351531147504,2.34,1448.81,6.9e-07,Est
UGA,1983,14221881.0,20100242936.05772,9.621351531147504,2.51,1413.33,6.8e-07,Est
UGA,1984,14607677.0,20100242936.05772,9.621351531147504,2.71,1376.01,6.6e-07,Est
UGA,1985,15023681.0,20100242936.05772,9.621351531147504,2.85,1337.9,6.4e-07,Est
UGA,1986,15467579.0,20100242936.05772,9.621351531147504,2.95,1299.51,6.2e-07,Est
UGA,1987,15954170.0,20100242936.05772,9.621351531147504,3.15,1259.87,6e-07,Est
UGA,1988,16470483.0,20100242936.05772,9.621351531147504,3.24,1220.38,5.8e-07,Est
UGA,1989,17010698.0,20100242936.05772,9.621351531147504,3.28,1181.62,5.7e-07,Est
UGA,1990,17569897.0,14234007111.842148,2.686188405604283,3.29,810.14,1.5e-07,Est
UGA,1991,18155901.0,14919834440.138266,2.740573254809642,3.34,821.76,1.5e-07,Est
UGA,1992,18785032.0,15311328883.850311,2.734130136614344,3.47,815.08,1.5e-07,Est
UGA,1993,19445161.0,16397356503.978403,2.893344802841148,3.51,843.26,1.5e-07,Est
UGA,1994,20108801.0,17224097266.000786,3.0021535658958305,3.41,856.55,1.5e-07,Est
UGA,1995,20665667.0,19859236040.92993,3.2363185261334926,2.77,960.98,1.6e-07,Est
UGA,1996,21231550.0,21248632509.808296,3.4096996974471203,2.74,1000.8,1.6e-07,Est
UGA,1997,21856046.0,21807342179.9808,3.494351688617197,2.94,997.77,1.6e-07,Est
UGA,1998,22515806.0,23313899089.964764,3.5920300624441546,3.02,1035.45,1.6e-07,Est
UGA,1999,23257281.0,25133885381.670685,3.81651246233342,3.29,1080.69,1.6e-07,Est
UGA,2000,24000150.0,25630771962.635387,3.846518992749288,3.19,1067.94,1.6e-07,Est
UGA,2001,24745676.0,26217724635.037647,3.929046035888484,3.11,1059.49,1.6e-07,Est
UGA,2002,25532870.0,28393706579.70238,4.127312506338731,3.18,1112.05,1.6e-07,Est
UGA,2003,26352124.0,29417337478.641083,4.246211752192787,3.21,1116.32,1.6e-07,Est
UGA,2004,27154515.0,30138248890.131355,4.398314667677226,3.04,1109.88,1.6e-07,Est
UGA,2005,27963289.0,31788751758.02735,4.499409021042608,2.98,1136.8,1.6e-07,Est
UGA,2006,28794003.0,35716717416.28929,4.8216691460115,2.97,1240.42,1.7e-07,Est
UGA,2007,29653430.0,39080356138.66012,5.040118895407328,2.98,1317.9,1.7e-07,Est
UGA,2008,30539553.0,39523249827.76629,5.240516126421552,2.99,1294.17,1.7e-07,Est
UGA,2009,31451151.0,46930811116.71316,5.276376547438253,2.98,1492.18,1.7e-07,Est
UGA,2010,32390802.0,48827364484.33493,5.330365170350433,2.99,1507.45,1.6e-07,Est
UGA,2011,33354543.0,51744158335.47556,5.555276591389086,2.98,1551.34,1.7e-07,Est
UGA,2012,34337438.0,55900870745.61472,5.515312626125369,2.95,1627.99,1.6e-07,Est
UGA,2013,35337042.0,55968581230.30399,5.38764191133154,2.91,1583.85,1.5e-07,Est
UGA,2014,36395539.0,57374465417.03219,5.417799912888572,3.0,1576.41,1.5e-07,Est
UGA,2015,37531446.0,63648071040.13139,5.355749799414182,3.12,1695.86,1.4e-07,Est
UGA,2016,38799152.0,64494387049.98719,5.393470722256313,3.38,1662.26,1.4e-07,Est
UGA,2017,40177388.0,64468739575.57591,5.4294179961665625,3.55,1604.6,1.4e-07,Est
UGA,2018,41565831.0,70344825763.36186,5.579268461048201,3.46,1692.37,1.3e-07,Est
UGA,2019,42999637.0,75184581581.1639,5.905251265198468,3.45,1748.49,1.4e-07,Est
UGA,2020,44457152.0,76752992565.37741,5.634005792617844,3.39,1726.45,1.3e-07,Est
UGA,2021,45910930.0,81328184469.68309,5.5539301767323055,3.27,1771.43,1.2e-07,Est
UGA,2022,47312719.0,84770747964.30771,5.581415079353184,3.05,1791.71,1.2e-07,Est
UGA,2023,48656601.0,87923470697.6105,5.61139925105133,2.84,1807.02,1.2e-07,Est
UGA,2024,50015092.0,88629488707.59828,9.621351531147504,2.79,1772.05,1.9e-07,Est
UGA,2025,51384894.0,20100242936.05772,9.621351531147504,2.74,391.17,1.9e-07,Est
ZAF,1960,16440172.0,20100242936.05772,9.621351531147504,0.0,1222.63,5.9e-07,Australe
ZAF,1961,16908035.0,20100242936.05772,9.621351531147504,2.85,1188.8,5.7e-07,Australe
ZAF,1962,17418522.0,20100242936.05772,9.621351531147504,3.02,1153.96,5.5e-07,Australe
ZAF,1963,17954564.0,20100242936.05772,9.621351531147504,3.08,1119.51,5.4e-07,Australe
ZAF,1964,18511361.0,20100242936.05772,9.621351531147504,3.1,1085.83,5.2e-07,Australe
ZAF,1965,19089380.0,20100242936.05772,9.621351531147504,3.12,1052.95,5e-07,Australe
ZAF,1966,19690087.0,20100242936.05772,9.621351531147504,3.15,1020.83,4.9e-07,Australe
ZAF,1967,20314066.0,20100242936.05772,9.621351531147504,3.17,989.47,4.7e-07,Australe
ZAF,1968,20957287.0,20100242936.05772,9.621351531147504,3.17,959.11,4.6e-07,Australe
ZAF,1969,21614676.0,20100242936.05772,9.621351531147504,3.14,929.93,4.5e-07,Australe
ZAF,1970,22279984.0,20100242936.05772,9.621351531147504,3.08,902.17,4.3e-07,Australe
ZAF,1971,22942143.0,20100242936.05772,9.621351531147504,2.97,876.13,4.2e-07,Australe
ZAF,1972,23609456.0,20100242936.05772,9.621351531147504,2.91,851.36,4.1e-07,Australe
ZAF,1973,24294263.0,20100242936.05772,9.621351531147504,2.9,827.37,4e-07,Australe
ZAF,1974,24989108.0,20100242936.05772,9.621351531147504,2.86,804.36,3.9e-07,Australe
ZAF,1975,25690940.0,20100242936.05772,9.621351531147504,2.81,782.39,3.7e-07,Australe
ZAF,1976,26395450.0,20100242936.05772,9.621351531147504,2.74,761.5,3.6e-07,Australe
ZAF,1977,27118952.0,20100242936.05772,9.621351531147504,2.74,741.19,3.5e-07,Australe
ZAF,1978,27869507.0,20100242936.05772,9.621351531147504,2.77,721.23,3.5e-07,Australe
ZAF,1979,28634162.0,20100242936.05772,9.621351531147504,2.74,701.97,3.4e-07,Australe
ZAF,1980,29518857.0,20100242936.05772,9.621351531147504,3.09,680.93,3.3e-07,Australe
ZAF,1981,30541044.0,20100242936.05772,9.621351531147504,3.46,658.14,3.2e-07,Australe
ZAF,1982,31615339.0,20100242936.05772,9.621351531147504,3.52,635.78,3e-07,Australe
ZAF,1983,32739304.0,20100242936.05772,9.621351531147504,3.56,613.95,2.9e-07,Australe
ZAF,1984,33892788.0,20100242936.05772,9.621351531147504,3.52,593.05,2.8e-07,Australe
ZAF,1985,35042093.0,20100242936.05772,9.621351531147504,3.39,573.6,2.7e-07,Australe
ZAF,1986,36180515.0,20100242936.05772,9.621351531147504,3.25,555.55,2.7e-07,Australe
ZAF,1987,37326190.0,20100242936.05772,9.621351531147504,3.17,538.5,2.6e-07,Australe
ZAF,1988,38480649.0,20100242936.05772,9.621351531147504,3.09,522.35,2.5e-07,Australe
ZAF,1989,39628575.0,20100242936.05772,9.621351531147504,2.98,507.22,2.4e-07,Australe
ZAF,1990,40746268.0,223030843701.6573,4.829440103483465,2.82,5473.65,1.2e-07,Australe
ZAF,1991,41687898.0,221877585519.79544,4.654289143333849,2.31,5322.35,1.1e-07,Australe
ZAF,1992,42443509.0,218719607701.54785,4.776962486200635,1.81,5153.19,1.1e-07,Australe
ZAF,1993,43297156.0,222855074531.6766,4.540349453223921,2.01,5147.11,1e-07,Australe
ZAF,1994,44004139.0,231785475550.9763,4.490695200101218,1.63,5267.36,1e-07,Australe
ZAF,1995,44541554.0,245522503919.58057,4.376147071296557,1.22,5512.21,1e-07,Australe
ZAF,1996,45123018.0,256501724681.59103,4.435685326441539,1.31,5684.5,1e-07,Australe
ZAF,1997,45666838.0,264857172755.6396,4.4535365131464575,1.21,5799.77,1e-07,Australe
ZAF,1998,46223880.0,269472321615.7313,4.392048856052322,1.22,5829.72,1e-07,Australe
ZAF,1999,46730335.0,274155005455.2825,4.578624932385987,1.1,5866.75,1e-07,Australe
ZAF,2000,47159719.0,285500105362.7244,4.9281617257168575,0.92,6053.9,1e-07,Australe
ZAF,2001,47566800.0,295473029084.1299,5.222983210454915,0.86,6211.75,1.1e-07,Australe
ZAF,2002,48019415.0,304847194427.0418,5.645386193763167,0.95,6348.42,1.2e-07,Australe
ZAF,2003,48500348.0,313478992524.5507,5.182049405844176,1.0,6463.44,1.1e-07,Australe
ZAF,2004,48991421.0,333041624250.1295,4.980303232402926,1.01,6797.96,1e-07,Australe
ZAF,2005,49490033.0,353468496684.31573,5.416682531747608,1.02,7142.22,1.1e-07,Australe
ZAF,2006,49998277.0,384489798917.05896,5.606457325447137,1.03,7690.06,1.1e-07,Australe
ZAF,2007,50528584.0,409550690944.8552,5.439431018272486,1.06,8105.33,1.1e-07,Australe
ZAF,2008,51114599.0,414510497451.72046,5.221784745226531,1.16,8109.43,1e-07,Australe
ZAF,2009,51728516.0,403770891399.67664,5.086168281492065,1.2,7805.58,1e-07,Australe
ZAF,2010,52344051.0,426730010607.91046,5.624507684145405,1.19,8152.41,1.1e-07,Australe
ZAF,2011,52995205.0,444027937677.738,5.6908139372498185,1.24,8378.64,1.1e-07,Australe
ZAF,2012,53782567.0,458352870817.6048,6.082431777360782,1.49,8522.33,1.1e-07,Australe
ZAF,2013,54678791.0,465462383902.3933,6.270812776541315,1.67,8512.67,1.1e-07,Australe
ZAF,2014,55594838.0,468814295191.8341,6.0046192956374735,1.68,8432.69,1.1e-07,Australe
ZAF,2015,56723537.0,478929693456.56464,6.442366276527277,2.03,8443.23,1.1e-07,Australe
ZAF,2016,57259551.0,482198685108.4607,6.27280695663922,0.94,8421.28,1.1e-07,Australe
ZAF,2017,57635162.0,490464605438.5277,6.382248807769514,0.66,8509.82,1.1e-07,Australe
ZAF,2018,58613001.0,505975902789.4755,6.66104151456222,1.7,8632.49,1.1e-07,Australe
ZAF,2019,59587885.0,512461776209.9333,6.430664796796645,1.66,8600.1,1.1e-07,Australe
ZAF,2020,60562381.0,481086107577.33234,6.503467077595173,1.64,7943.65,1.1e-07,Australe
ZAF,2021,61502603.0,509975163295.63513,6.439709529435874,1.55,8291.93,1e-07,Australe
ZAF,2022,62378410.0,523452358138.6652,7.102848355470237,1.42,8391.56,1.1e-07,Australe
ZAF,2023,63212384.0,524639596301.3515,7.06490113677471,1.34,8299.63,1.1e-07,Australe
ZAF,2024,64007187.0,529801750249.6802,9.621351531147504,1.26,8277.22,1.5e-07,Australe
ZAF,2025,64747319.0,20100242936.05772,9.621351531147504,1.16,310.44,1.5e-07,Australe
ZMB,1960,3153729.0,20100242936.05772,9.621351531147504,0.0,6373.48,3.05e-06,Est
ZMB,1961,3254086.0,20100242936.05772,9.621351531147504,3.18,6176.92,2.96e-06,Est
ZMB,1962,3358099.0,20100242936.05772,9.621351531147504,3.2,5985.6,2.87e-06,Est
ZMB,1963,3465907.0,20100242936.05772,9.621351531147504,3.21,5799.42,2.78e-06,Est
ZMB,1964,3577017.0,20100242936.05772,9.621351531147504,3.21,5619.28,2.69e-06,Est
ZMB,1965,3692086.0,20100242936.05772,9.621351531147504,3.22,5444.14,2.61e-06,Est
ZMB,1966,3812003.0,20100242936.05772,9.621351531147504,3.25,5272.88,2.52e-06,Est
ZMB,1967,3936343.0,20100242936.05772,9.621351531147504,3.26,5106.32,2.44e-06,Est
ZMB,1968,4065593.0,20100242936.05772,9.621351531147504,3.28,4943.99,2.37e-06,Est
ZMB,1969,4197116.0,20100242936.05772,9.621351531147504,3.24,4789.06,2.29e-06,Est
ZMB,1970,4321718.0,20100242936.05772,9.621351531147504,2.97,4650.98,2.23e-06,Est
ZMB,1971,4442525.0,20100242936.05772,9.621351531147504,2.8,4524.51,2.17e-06,Est
ZMB,1972,4569309.0,20100242936.05772,9.621351531147504,2.85,4398.97,2.11e-06,Est
ZMB,1973,4702693.0,20100242936.05772,9.621351531147504,2.92,4274.2,2.05e-06,Est
ZMB,1974,4842746.0,20100242936.05772,9.621351531147504,2.98,4150.59,1.99e-06,Est
ZMB,1975,4990086.0,20100242936.05772,9.621351531147504,3.04,4028.04,1.93e-06,Est
ZMB,1976,5143842.0,20100242936.05772,9.621351531147504,3.08,3907.63,1.87e-06,Est
ZMB,1977,5302480.0,20100242936.05772,9.621351531147504,3.08,3790.72,1.81e-06,Est
ZMB,1978,5465374.0,20100242936.05772,9.621351531147504,3.07,3677.74,1.76e-06,Est
ZMB,1979,5631728.0,20100242936.05772,9.621351531147504,3.04,3569.11,1.71e-06,Est
ZMB,1980,5802833.0,20100242936.05772,9.621351531147504,3.04,3463.87,1.66e-06,Est
ZMB,1981,5983289.0,20100242936.05772,9.621351531147504,3.11,3359.4,1.61e-06,Est
ZMB,1982,6178637.0,20100242936.05772,9.621351531147504,3.26,3253.18,1.56e-06,Est
ZMB,1983,6381038.0,20100242936.05772,9.621351531147504,3.28,3150.0,1.51e-06,Est
ZMB,1984,6580490.0,20100242936.05772,9.621351531147504,3.13,3054.52,1.46e-06,Est
ZMB,1985,6780953.0,20100242936.05772,9.621351531147504,3.05,2964.22,1.42e-06,Est
ZMB,1986,6986471.0,20100242936.05772,9.621351531147504,3.03,2877.02,1.38e-06,Est
ZMB,1987,7191282.0,20100242936.05772,9.621351531147504,2.93,2795.08,1.34e-06,Est
ZMB,1988,7391440.0,20100242936.05772,9.621351531147504,2.78,2719.39,1.3e-06,Est
ZMB,1989,7589216.0,20100242936.05772,9.621351531147504,2.68,2648.53,1.27e-06,Est
ZMB,1990,7786169.0,20100242936.05772,3.469445673881695,2.6,2581.53,4.5e-07,Est
ZMB,1991,7981650.0,20100242936.05772,3.373918083381401,2.51,2518.31,4.2e-07,Est
ZMB,1992,8176680.0,20100242936.05772,3.26467317981654,2.44,2458.24,4e-07,Est
ZMB,1993,8373921.0,20100242936.05772,3.4817372718993584,2.41,2400.34,4.2e-07,Est
ZMB,1994,8576269.0,20100242936.05772,3.1591946485693705,2.42,2343.7,3.7e-07,Est
ZMB,1995,8785763.0,20100242936.05772,3.1959545016564497,2.44,2287.82,3.6e-07,Est
ZMB,1996,9004053.0,20100242936.05772,3.4239828173955527,2.48,2232.36,3.8e-07,Est
ZMB,1997,9237063.0,20100242936.05772,3.4084772613306904,2.59,2176.04,3.7e-07,Est
ZMB,1998,9482408.0,20100242936.05772,3.3621713937034325,2.66,2119.74,3.5e-07,Est
ZMB,1999,9740005.0,20100242936.05772,3.4926769178081147,2.72,2063.68,3.6e-07,Est
ZMB,2000,10017631.0,20100242936.05772,3.7245624956046814,2.85,2006.49,3.7e-07,Est
ZMB,2001,10325185.0,20100242936.05772,3.800339741390565,3.07,1946.72,3.7e-07,Est
ZMB,2002,10647949.0,20100242936.05772,3.803300523258214,3.13,1887.71,3.6e-07,Est
ZMB,2003,10983595.0,20100242936.05772,3.896108788133999,3.15,1830.02,3.5e-07,Est
ZMB,2004,11338198.0,20100242936.05772,4.0361905146092605,3.23,1772.79,3.6e-07,Est
ZMB,2005,11718819.0,20100242936.05772,4.213272672645335,3.36,1715.21,3.6e-07,Est
ZMB,2006,12129553.0,20100242936.05772,4.418028330455215,3.5,1657.13,3.6e-07,Est
ZMB,2007,12565085.0,20100242936.05772,4.675697449357923,3.59,1599.69,3.7e-07,Est
ZMB,2008,13021324.0,20100242936.05772,4.70867252076338,3.63,1543.64,3.6e-07,Est
ZMB,2009,13490389.0,20100242936.05772,4.938798674170886,3.6,1489.97,3.7e-07,Est
ZMB,2010,13965594.0,20100242936.05772,5.188288001410753,3.52,1439.27,3.7e-07,Est
ZMB,2011,14437796.0,20100242936.05772,5.159929164198371,3.38,1392.2,3.6e-07,Est
ZMB,2012,14913629.0,20100242936.05772,5.2441706058401785,3.3,1347.78,3.5e-07,Est
ZMB,2013,15398997.0,20100242936.05772,5.262588983822731,3.25,1305.3,3.4e-07,Est
ZMB,2014,15895315.0,20100242936.05772,5.253919529119603,3.22,1264.54,3.3e-07,Est
ZMB,2015,16399089.0,20100242936.05772,5.213176274937107,3.17,1225.69,3.2e-07,Est
ZMB,2016,16914423.0,20100242936.05772,5.268243565064133,3.14,1188.35,3.1e-07,Est
ZMB,2017,17441320.0,20100242936.05772,5.147211730428283,3.12,1152.45,3e-07,Est
ZMB,2018,17973569.0,20100242936.05772,5.027894065181299,3.05,1118.32,2.8e-07,Est
ZMB,2019,18513839.0,20100242936.05772,4.848357153488244,3.01,1085.69,2.6e-07,Est
ZMB,2020,19059395.0,20100242936.05772,4.477478884259242,2.95,1054.61,2.3e-07,Est
ZMB,2021,19603607.0,25725117627.9023,4.556115955348331,2.86,1312.26,2.3e-07,Est
ZMB,2022,20152938.0,20100242936.05772,4.528836456361886,2.8,997.39,2.2e-07,Est
ZMB,2023,20723965.0,20100242936.05772,4.5677429296711605,2.83,969.9,2.2e-07,Est
ZMB,2024,21314956.0,20100242936.05772,9.621351531147504,2.85,943.01,4.5e-07,Est
ZMB,2025,21913874.0,20100242936.05772,9.621351531147504,2.81,917.24,4.4e-07,Est
ZWE,1960,3809389.0,20100242936.05772,9.621351531147504,0.0,5276.5,2.53e-06,Est
ZWE,1961,3930401.0,20100242936.05772,9.621351531147504,3.18,5114.04,2.45e-06,Est
ZWE,1962,4055959.0,20100242936.05772,9.621351531147504,3.19,4955.73,2.37e-06,Est
ZWE,1963,4185877.0,20100242936.05772,9.621351531147504,3.2,4801.92,2.3e-06,Est
ZWE,1964,4320006.0,20100242936.05772,9.621351531147504,3.2,4652.83,2.23e-06,Est
ZWE,1965,4458462.0,20100242936.05772,9.621351531147504,3.2,4508.34,2.16e-06,Est
ZWE,1966,4601217.0,20100242936.05772,9.621351531147504,3.2,4368.46,2.09e-06,Est
ZWE,1967,4748307.0,20100242936.05772,9.621351531147504,3.2,4233.14,2.03e-06,Est
ZWE,1968,4900440.0,20100242936.05772,9.621351531147504,3.2,4101.72,1.96e-06,Est
ZWE,1969,5058181.0,20100242936.05772,9.621351531147504,3.22,3973.81,1.9e-06,Est
ZWE,1970,5215918.0,20100242936.05772,9.621351531147504,3.12,3853.63,1.84e-06,Est
ZWE,1971,5374712.0,20100242936.05772,9.621351531147504,3.04,3739.78,1.79e-06,Est
ZWE,1972,5542445.0,20100242936.05772,9.621351531147504,3.12,3626.6,1.74e-06,Est
ZWE,1973,5720404.0,20100242936.05772,9.621351531147504,3.21,3513.78,1.68e-06,Est
ZWE,1974,5908328.0,20100242936.05772,9.621351531147504,3.29,3402.02,1.63e-06,Est
ZWE,1975,6098658.0,20100242936.05772,9.621351531147504,3.22,3295.85,1.58e-06,Est
ZWE,1976,6287105.0,20100242936.05772,9.621351531147504,3.09,3197.06,1.53e-06,Est
ZWE,1977,6449512.0,20100242936.05772,9.621351531147504,2.58,3116.55,1.49e-06,Est
ZWE,1978,6543575.0,20100242936.05772,9.621351531147504,1.46,3071.75,1.47e-06,Est
ZWE,1979,6647556.0,20100242936.05772,9.621351531147504,1.59,3023.7,1.45e-06,Est
ZWE,1980,7041303.0,20100242936.05772,9.621351531147504,5.92,2854.62,1.37e-06,Est
ZWE,1981,7498635.0,20100242936.05772,9.621351531147504,6.49,2680.52,1.28e-06,Est
ZWE,1982,7796496.0,20100242936.05772,9.621351531147504,3.97,2578.11,1.23e-06,Est
ZWE,1983,8098404.0,20100242936.05772,9.621351531147504,3.87,2482.0,1.19e-06,Est
ZWE,1984,8391488.0,20100242936.05772,9.621351531147504,3.62,2395.31,1.15e-06,Est
ZWE,1985,8686813.0,20100242936.05772,9.621351531147504,3.52,2313.88,1.11e-06,Est
ZWE,1986,8982578.0,20100242936.05772,9.621351531147504,3.4,2237.69,1.07e-06,Est
ZWE,1987,9284644.0,20100242936.05772,9.621351531147504,3.36,2164.89,1.04e-06,Est
ZWE,1988,9583094.0,20100242936.05772,9.621351531147504,3.21,2097.47,1e-06,Est
ZWE,1989,9864798.0,20100242936.05772,9.621351531147504,2.94,2037.57,9.8e-07,Est
ZWE,1990,10137281.0,20100242936.05772,6.631851450291175,2.76,1982.8,6.5e-07,Est
ZWE,1991,10404816.0,20100242936.05772,6.602438404512025,2.64,1931.82,6.3e-07,Est
ZWE,1992,10702700.0,20100242936.05772,5.817520601217636,2.86,1878.05,5.4e-07,Est
ZWE,1993,10860288.0,20100242936.05772,6.144757977030369,1.47,1850.8,5.7e-07,Est
ZWE,1994,10873148.0,20100242936.05772,6.760716485661555,0.12,1848.61,6.2e-07,Est
ZWE,1995,10974599.0,20100242936.05772,6.650948594264515,0.93,1831.52,6.1e-07,Est
ZWE,1996,11158360.0,20100242936.05772,7.371035808593717,1.67,1801.36,6.6e-07,Est
ZWE,1997,11369827.0,20100242936.05772,7.644668955633463,1.9,1767.86,6.7e-07,Est
ZWE,1998,11594297.0,20100242936.05772,7.686387148534793,1.97,1733.63,6.6e-07,Est
ZWE,1999,11783458.0,20100242936.05772,7.148544436813338,1.63,1705.8,6.1e-07,Est
ZWE,2000,11892055.0,20100242936.05772,11.09930604401954,0.92,1690.22,9.3e-07,Est
ZWE,2001,11971901.0,20100242936.05772,11.50795848140066,0.67,1678.95,9.6e-07,Est
ZWE,2002,12087653.0,20100242936.05772,10.797513436309735,0.97,1662.87,8.9e-07,Est
ZWE,2003,12232323.0,20100242936.05772,9.643028199302265,1.2,1643.21,7.9e-07,Est
ZWE,2004,12365896.0,20100242936.05772,9.543434904730388,1.09,1625.46,7.7e-07,Est
ZWE,2005,12483432.0,20100242936.05772,8.357143171313968,0.95,1610.15,6.7e-07,Est
ZWE,2006,12636445.0,20100242936.05772,7.724442997634104,1.23,1590.66,6.1e-07,Est
ZWE,2007,12804058.0,20100242936.05772,7.677396335265246,1.33,1569.83,6e-07,Est
ZWE,2008,12959149.0,20100242936.05772,7.099301741792264,1.21,1551.05,5.5e-07,Est
ZWE,2009,13142790.0,34344775932.519245,7.892533369854991,1.42,2613.2,6e-07,Est
ZWE,2010,13356548.0,37935040214.45804,9.248536335238876,1.63,2840.18,6.9e-07,Est
ZWE,2011,13595424.0,40140400966.90666,9.79958991550746,1.79,2952.49,7.2e-07,Est
ZWE,2012,13817887.0,52341023650.07103,11.003736110797016,1.64,3787.92,8e-07,Est
ZWE,2013,14013808.0,49729624491.07272,10.870738480548582,1.42,3548.62,7.8e-07,Est
ZWE,2014,14207359.0,50130811133.55135,11.037889303923238,1.38,3528.51,7.8e-07,Est
ZWE,2015,14399013.0,59623691907.30771,11.24975414005156,1.35,4140.82,7.8e-07,Est
ZWE,2016,14600294.0,55519704652.23607,11.97928901862473,1.4,3802.64,8.2e-07,Est
ZWE,2017,14812482.0,57658400478.17499,12.652998131246967,1.45,3892.55,8.5e-07,Est
ZWE,2018,15034452.0,47809133334.93515,12.254898391122849,1.5,3179.97,8.2e-07,Est
ZWE,2019,15271368.0,43929714766.904594,11.357999013941608,1.58,2876.61,7.4e-07,Est
ZWE,2020,15526888.0,40807948251.04817,11.464926025641848,1.67,2628.21,7.4e-07,Est
ZWE,2021,15797210.0,41631172294.386246,11.918605065783384,1.74,2635.35,7.5e-07,Est
ZWE,2022,16069056.0,45396291860.70163,11.258201093364708,1.72,2825.08,7e-07,Est
ZWE,2023,16340822.0,46906544907.31988,11.049772737904686,1.69,2870.51,6.8e-07,Est
ZWE,2024,16634373.0,47623074327.62911,9.621351531147504,1.8,2862.93,5.8e-07,Est
ZWE,2025,16950795.0,20100242936.05772,9.621351531147504,1.9,1185.8,5.7e-07,Est
